Workbook

Sheet MIL-STD_1553_Registers
A1: Registers | B1: Add | C1: Address | E1: Read/Write | F1: Default | G1: Default | H1: 15 | I1: 14 | J1: 13 | K1: 12 | L1: 11 | M1: 10 | N1: 9 | O1: 8 | P1: 7 | Q1: 6 | R1: 5 | S1: 4 | T1: 3 | U1: 2 | V1: 1 | W1: 0 | X1: Register deifnitions | Y1: Reset Assignment | Z1: RD command | AA1: Wr Command
A2: reg_status | B2: 0 | C2: =CONCATENATE("0x",DEC2HEX(B2,4)) -> 0x0000 | D2: =CONCATENATE(A2," (",C2,")") -> reg_status (0x0000) | E2: Read | F2: 0000 | G2: =CONCATENATE("0x",F2) -> 0x0000 | H2: TxAvail1 | I2: TxAvail2 | J2: Tx1_Off | K2: Tx2_Off | L2: Inhibit T/F | M2: DBC_accepted | N2: Synchronize | O2: InitiateBIT | P2: NewModeDatTx | Q2: NewModeDatRx | R2: NewMode | S2: NewRT2RTTX | T2: NewRT2RTRX | U2: NewBCRTTX | V2: Bus2Irq | W2: Bus1Irq | X2: =CONCATENATE("const static uint16_t c_Mil1553_w",A2, " = ",C2,";") -> const static uint16_t c_Mil1553_wreg_status = 0x0000; | Y2: =CONCATENATE(A2," <= X""",F2,""";") -> reg_status <= X"0000"; | Z2: =CONCATENATE(" when X""",C2,""" => DataOut <= ",A2,";") -> when X"0x0000" => DataOut <= reg_status; | AA2: =CONCATENATE(" when X""",C2,""" => ",A2," <= DataIn;") -> when X"0x0000" => reg_status <= DataIn;
A3: reg_intr_mask | B3: =B2+1 -> 1 | C3: =CONCATENATE("0x",DEC2HEX(B3,4)) -> 0x0001 | D3: =CONCATENATE(A3," (",C3,")") -> reg_intr_mask (0x0001) | E3: Read/Write | F3: 0000 | G3: =CONCATENATE("0x",F3) -> 0x0000 | H3: TxAvail1 | I3: TxAvail2 | J3: Tx1_Off | K3: Tx2_Off | L3: Inhibit T/F | M3: DBC_accepted | N3: Synchronize | O3: InitiateBIT | V3: Bus2Irq | W3: Bus1Irq | X3: =CONCATENATE("const static uint16_t c_Mil1553_w",A3, " = ",C3,";") -> const static uint16_t c_Mil1553_wreg_intr_mask = 0x0001; | Y3: =CONCATENATE(A3," <= X""",F3,""";") -> reg_intr_mask <= X"0000"; | Z3: =CONCATENATE(" when X""",C3,""" => DataOut <= ",A3,";") -> when X"0x0001" => DataOut <= reg_intr_mask; | AA3: =CONCATENATE(" when X""",C3,""" => ",A3," <= DataIn;") -> when X"0x0001" => reg_intr_mask <= DataIn;
A4: reg_clear_bits | B4: =B3+1 -> 2 | C4: =CONCATENATE("0x",DEC2HEX(B4,4)) -> 0x0002 | D4: =CONCATENATE(A4," (",C4,")") -> reg_clear_bits (0x0002) | E4: Read/Write | F4: 0000 | G4: =CONCATENATE("0x",F4) -> 0x0000 | L4: Synchronize | M4: InitiateBIT | X4: =CONCATENATE("const static uint16_t c_Mil1553_w",A4, " = ",C4,";") -> const static uint16_t c_Mil1553_wreg_clear_bits = 0x0002; | Y4: =CONCATENATE(A4," <= X""",F4,""";") -> reg_clear_bits <= X"0000"; | Z4: =CONCATENATE(" when X""",C4,""" => DataOut <= ",A4,";") -> when X"0x0002" => DataOut <= reg_clear_bits; | AA4: =CONCATENATE(" when X""",C4,""" => ",A4," <= DataIn;") -> when X"0x0002" => reg_clear_bits <= DataIn;
A5: reg_tmr_1us | B5: =B4+1 -> 3 | C5: =CONCATENATE("0x",DEC2HEX(B5,4)) -> 0x0003 | D5: =CONCATENATE(A5," (",C5,")") -> reg_tmr_1us (0x0003) | E5: Read/Write | F5: 0063 | G5: =CONCATENATE("0x",F5) -> 0x0063 | X5: =CONCATENATE("const static uint16_t c_Mil1553_w",A5, " = ",C5,";") -> const static uint16_t c_Mil1553_wreg_tmr_1us = 0x0003; | Y5: =CONCATENATE(A5," <= X""",F5,""";") -> reg_tmr_1us <= X"0063"; | Z5: =CONCATENATE(" when X""",C5,""" => DataOut <= ",A5,";") -> when X"0x0003" => DataOut <= reg_tmr_1us; | AA5: =CONCATENATE(" when X""",C5,""" => ",A5," <= DataIn;") -> when X"0x0003" => reg_tmr_1us <= DataIn;
A6: reg_tmr_GAP | B6: =B5+1 -> 4 | C6: =CONCATENATE("0x",DEC2HEX(B6,4)) -> 0x0004 | D6: =CONCATENATE(A6," (",C6,")") -> reg_tmr_GAP (0x0004) | E6: Read/Write | F6: 018F | G6: =CONCATENATE("0x",F6) -> 0x018F | X6: =CONCATENATE("const static uint16_t c_Mil1553_w",A6, " = ",C6,";") -> const static uint16_t c_Mil1553_wreg_tmr_GAP = 0x0004; | Y6: =CONCATENATE(A6," <= X""",F6,""";") -> reg_tmr_GAP <= X"018F"; | Z6: =CONCATENATE(" when X""",C6,""" => DataOut <= ",A6,";") -> when X"0x0004" => DataOut <= reg_tmr_GAP; | AA6: =CONCATENATE(" when X""",C6,""" => ",A6," <= DataIn;") -> when X"0x0004" => reg_tmr_GAP <= DataIn;
A7: reg_tmr_NRP | B7: =B6+1 -> 5 | C7: =CONCATENATE("0x",DEC2HEX(B7,4)) -> 0x0005 | D7: =CONCATENATE(A7," (",C7,")") -> reg_tmr_NRP (0x0005) | E7: Read/Write | F7: 0577 | G7: =CONCATENATE("0x",F7) -> 0x0577 | X7: =CONCATENATE("const static uint16_t c_Mil1553_w",A7, " = ",C7,";") -> const static uint16_t c_Mil1553_wreg_tmr_NRP = 0x0005; | Y7: =CONCATENATE(A7," <= X""",F7,""";") -> reg_tmr_NRP <= X"0577"; | Z7: =CONCATENATE(" when X""",C7,""" => DataOut <= ",A7,";") -> when X"0x0005" => DataOut <= reg_tmr_NRP; | AA7: =CONCATENATE(" when X""",C7,""" => ",A7," <= DataIn;") -> when X"0x0005" => reg_tmr_NRP <= DataIn;
A8: reg_tmr_REP | B8: =B7+1 -> 6 | C8: =CONCATENATE("0x",DEC2HEX(B8,4)) -> 0x0006 | D8: =CONCATENATE(A8," (",C8,")") -> reg_tmr_REP (0x0006) | E8: Read/Write | F8: 195 | G8: =CONCATENATE("0x",F8) -> 0x195 | X8: =CONCATENATE("const static uint16_t c_Mil1553_w",A8, " = ",C8,";") -> const static uint16_t c_Mil1553_wreg_tmr_REP = 0x0006; | Y8: =CONCATENATE(A8," <= X""",F8,""";") -> reg_tmr_REP <= X"195"; | Z8: =CONCATENATE(" when X""",C8,""" => DataOut <= ",A8,";") -> when X"0x0006" => DataOut <= reg_tmr_REP; | AA8: =CONCATENATE(" when X""",C8,""" => ",A8," <= DataIn;") -> when X"0x0006" => reg_tmr_REP <= DataIn;
A9: reg_tmr_SAF | B9: =B8+1 -> 7 | C9: =CONCATENATE("0x",DEC2HEX(B9,4)) -> 0x0007 | D9: =CONCATENATE(A9," (",C9,")") -> reg_tmr_SAF (0x0007) | E9: Read/Write | F9: 031F | G9: =CONCATENATE("0x",F9) -> 0x031F | X9: =CONCATENATE("const static uint16_t c_Mil1553_w",A9, " = ",C9,";") -> const static uint16_t c_Mil1553_wreg_tmr_SAF = 0x0007; | Y9: =CONCATENATE(A9," <= X""",F9,""";") -> reg_tmr_SAF <= X"031F"; | Z9: =CONCATENATE(" when X""",C9,""" => DataOut <= ",A9,";") -> when X"0x0007" => DataOut <= reg_tmr_SAF; | AA9: =CONCATENATE(" when X""",C9,""" => ",A9," <= DataIn;") -> when X"0x0007" => reg_tmr_SAF <= DataIn;
A10: reg_legal_subaddr1 | B10: =B9+1 -> 8 | C10: =CONCATENATE("0x",DEC2HEX(B10,4)) -> 0x0008 | D10: =CONCATENATE(A10," (",C10,")") -> reg_legal_subaddr1 (0x0008) | E10: Read/Write | F10: FFFF | G10: =CONCATENATE("0x",F10) -> 0xFFFF | X10: =CONCATENATE("const static uint16_t c_Mil1553_w",A10, " = ",C10,";") -> const static uint16_t c_Mil1553_wreg_legal_subaddr1 = 0x0008; | Y10: =CONCATENATE(A10," <= X""",F10,""";") -> reg_legal_subaddr1 <= X"FFFF"; | Z10: =CONCATENATE(" when X""",C10,""" => DataOut <= ",A10,";") -> when X"0x0008" => DataOut <= reg_legal_subaddr1; | AA10: =CONCATENATE(" when X""",C10,""" => ",A10," <= DataIn;") -> when X"0x0008" => reg_legal_subaddr1 <= DataIn;
A11: reg_legal_subaddr2 | B11: =B10+1 -> 9 | C11: =CONCATENATE("0x",DEC2HEX(B11,4)) -> 0x0009 | D11: =CONCATENATE(A11," (",C11,")") -> reg_legal_subaddr2 (0x0009) | E11: Read/Write | F11: FFFF | G11: =CONCATENATE("0x",F11) -> 0xFFFF | X11: =CONCATENATE("const static uint16_t c_Mil1553_w",A11, " = ",C11,";") -> const static uint16_t c_Mil1553_wreg_legal_subaddr2 = 0x0009; | Y11: =CONCATENATE(A11," <= X""",F11,""";") -> reg_legal_subaddr2 <= X"FFFF"; | Z11: =CONCATENATE(" when X""",C11,""" => DataOut <= ",A11,";") -> when X"0x0009" => DataOut <= reg_legal_subaddr2; | AA11: =CONCATENATE(" when X""",C11,""" => ",A11," <= DataIn;") -> when X"0x0009" => reg_legal_subaddr2 <= DataIn;
A12: reg_legal_rx_mode1 | B12: =B11+1 -> 10 | C12: =CONCATENATE("0x",DEC2HEX(B12,4)) -> 0x000A | D12: =CONCATENATE(A12," (",C12,")") -> reg_legal_rx_mode1 (0x000A) | E12: Read/Write | F12: 0000 | G12: =CONCATENATE("0x",F12) -> 0x0000 | X12: =CONCATENATE("const static uint16_t c_Mil1553_w",A12, " = ",C12,";") -> const static uint16_t c_Mil1553_wreg_legal_rx_mode1 = 0x000A; | Y12: =CONCATENATE(A12," <= X""",F12,""";") -> reg_legal_rx_mode1 <= X"0000"; | Z12: =CONCATENATE(" when X""",C12,""" => DataOut <= ",A12,";") -> when X"0x000A" => DataOut <= reg_legal_rx_mode1; | AA12: =CONCATENATE(" when X""",C12,""" => ",A12," <= DataIn;") -> when X"0x000A" => reg_legal_rx_mode1 <= DataIn;
A13: reg_legal_rx_mode2 | B13: =B12+1 -> 11 | C13: =CONCATENATE("0x",DEC2HEX(B13,4)) -> 0x000B | D13: =CONCATENATE(A13," (",C13,")") -> reg_legal_rx_mode2 (0x000B) | E13: Read/Write | F13: 0032 | G13: =CONCATENATE("0x",F13) -> 0x0032 | X13: =CONCATENATE("const static uint16_t c_Mil1553_w",A13, " = ",C13,";") -> const static uint16_t c_Mil1553_wreg_legal_rx_mode2 = 0x000B; | Y13: =CONCATENATE(A13," <= X""",F13,""";") -> reg_legal_rx_mode2 <= X"0032"; | Z13: =CONCATENATE(" when X""",C13,""" => DataOut <= ",A13,";") -> when X"0x000B" => DataOut <= reg_legal_rx_mode2; | AA13: =CONCATENATE(" when X""",C13,""" => ",A13," <= DataIn;") -> when X"0x000B" => reg_legal_rx_mode2 <= DataIn;
A14: reg_legal_tx_mode1 | B14: =B13+1 -> 12 | C14: =CONCATENATE("0x",DEC2HEX(B14,4)) -> 0x000C | D14: =CONCATENATE(A14," (",C14,")") -> reg_legal_tx_mode1 (0x000C) | E14: Read/Write | F14: 01FF | G14: =CONCATENATE("0x",F14) -> 0x01FF | X14: =CONCATENATE("const static uint16_t c_Mil1553_w",A14, " = ",C14,";") -> const static uint16_t c_Mil1553_wreg_legal_tx_mode1 = 0x000C; | Y14: =CONCATENATE(A14," <= X""",F14,""";") -> reg_legal_tx_mode1 <= X"01FF"; | Z14: =CONCATENATE(" when X""",C14,""" => DataOut <= ",A14,";") -> when X"0x000C" => DataOut <= reg_legal_tx_mode1; | AA14: =CONCATENATE(" when X""",C14,""" => ",A14," <= DataIn;") -> when X"0x000C" => reg_legal_tx_mode1 <= DataIn;
A15: reg_legal_tx_mode2 | B15: =B14+1 -> 13 | C15: =CONCATENATE("0x",DEC2HEX(B15,4)) -> 0x000D | D15: =CONCATENATE(A15," (",C15,")") -> reg_legal_tx_mode2 (0x000D) | E15: Read/Write | F15: 000D | G15: =CONCATENATE("0x",F15) -> 0x000D | X15: =CONCATENATE("const static uint16_t c_Mil1553_w",A15, " = ",C15,";") -> const static uint16_t c_Mil1553_wreg_legal_tx_mode2 = 0x000D; | Y15: =CONCATENATE(A15," <= X""",F15,""";") -> reg_legal_tx_mode2 <= X"000D"; | Z15: =CONCATENATE(" when X""",C15,""" => DataOut <= ",A15,";") -> when X"0x000D" => DataOut <= reg_legal_tx_mode2; | AA15: =CONCATENATE(" when X""",C15,""" => ",A15," <= DataIn;") -> when X"0x000D" => reg_legal_tx_mode2 <= DataIn;
A16: reg_legal_brdcst_mode1 | B16: =B15+1 -> 14 | C16: =CONCATENATE("0x",DEC2HEX(B16,4)) -> 0x000E | D16: =CONCATENATE(A16," (",C16,")") -> reg_legal_brdcst_mode1 (0x000E) | E16: Read/Write | F16: 01FA | G16: =CONCATENATE("0x",F16) -> 0x01FA | X16: =CONCATENATE("const static uint16_t c_Mil1553_w",A16, " = ",C16,";") -> const static uint16_t c_Mil1553_wreg_legal_brdcst_mode1 = 0x000E; | Y16: =CONCATENATE(A16," <= X""",F16,""";") -> reg_legal_brdcst_mode1 <= X"01FA"; | Z16: =CONCATENATE(" when X""",C16,""" => DataOut <= ",A16,";") -> when X"0x000E" => DataOut <= reg_legal_brdcst_mode1; | AA16: =CONCATENATE(" when X""",C16,""" => ",A16," <= DataIn;") -> when X"0x000E" => reg_legal_brdcst_mode1 <= DataIn;
A17: reg_legal_brdcst_mode2 | B17: =B16+1 -> 15 | C17: =CONCATENATE("0x",DEC2HEX(B17,4)) -> 0x000F | D17: =CONCATENATE(A17," (",C17,")") -> reg_legal_brdcst_mode2 (0x000F) | E17: Read/Write | F17: 0032 | G17: =CONCATENATE("0x",F17) -> 0x0032 | X17: =CONCATENATE("const static uint16_t c_Mil1553_w",A17, " = ",C17,";") -> const static uint16_t c_Mil1553_wreg_legal_brdcst_mode2 = 0x000F; | Y17: =CONCATENATE(A17," <= X""",F17,""";") -> reg_legal_brdcst_mode2 <= X"0032"; | Z17: =CONCATENATE(" when X""",C17,""" => DataOut <= ",A17,";") -> when X"0x000F" => DataOut <= reg_legal_brdcst_mode2; | AA17: =CONCATENATE(" when X""",C17,""" => ",A17," <= DataIn;") -> when X"0x000F" => reg_legal_brdcst_mode2 <= DataIn;
A18: reg_status_rxed1 | B18: 16 | C18: =CONCATENATE("0x",DEC2HEX(B18,4)) -> 0x0010 | D18: =CONCATENATE(A18," (",C18,")") -> reg_status_rxed1 (0x0010) | E18: Read | F18: 0000 | G18: =CONCATENATE("0x",F18) -> 0x0000 | H18: RtAddr4 | I18: RtAddr3 | J18: RTAddr2 | K18: RtAddr1 | L18: RtAddr0 | M18: MessageError | N18: Instrument | O18: ServiceReq | P18: RTAddrError | Q18: Reserved | R18: Reserved | S18: Brdcst Rxes | T18: Busy | U18: SubSysFlag | V18: DBC Acpt | W18: TerminalFlag | X18: =CONCATENATE("const static uint16_t c_Mil1553_w",A18, " = ",C18,";") -> const static uint16_t c_Mil1553_wreg_status_rxed1 = 0x0010; | Y18: =CONCATENATE(A18," <= X""",F18,""";") -> reg_status_rxed1 <= X"0000"; | Z18: =CONCATENATE(" when X""",C18,""" => DataOut <= ",A18,";") -> when X"0x0010" => DataOut <= reg_status_rxed1; | AA18: =CONCATENATE(" when X""",C18,""" => ",A18," <= DataIn;") -> when X"0x0010" => reg_status_rxed1 <= DataIn;
A19: reg_mode_cmd_rxed1 | B19: =B18+1 -> 17 | C19: =CONCATENATE("0x",DEC2HEX(B19,4)) -> 0x0011 | D19: =CONCATENATE(A19," (",C19,")") -> reg_mode_cmd_rxed1 (0x0011) | E19: Read | F19: 0000 | G19: =CONCATENATE("0x",F19) -> 0x0000 | X19: =CONCATENATE("const static uint16_t c_Mil1553_w",A19, " = ",C19,";") -> const static uint16_t c_Mil1553_wreg_mode_cmd_rxed1 = 0x0011; | Y19: =CONCATENATE(A19," <= X""",F19,""";") -> reg_mode_cmd_rxed1 <= X"0000"; | Z19: =CONCATENATE(" when X""",C19,""" => DataOut <= ",A19,";") -> when X"0x0011" => DataOut <= reg_mode_cmd_rxed1; | AA19: =CONCATENATE(" when X""",C19,""" => ",A19," <= DataIn;") -> when X"0x0011" => reg_mode_cmd_rxed1 <= DataIn;
A20: reg_mode_data_rxed1 | B20: =B19+1 -> 18 | C20: =CONCATENATE("0x",DEC2HEX(B20,4)) -> 0x0012 | D20: =CONCATENATE(A20," (",C20,")") -> reg_mode_data_rxed1 (0x0012) | E20: Read | F20: 0000 | G20: =CONCATENATE("0x",F20) -> 0x0000 | X20: =CONCATENATE("const static uint16_t c_Mil1553_w",A20, " = ",C20,";") -> const static uint16_t c_Mil1553_wreg_mode_data_rxed1 = 0x0012; | Y20: =CONCATENATE(A20," <= X""",F20,""";") -> reg_mode_data_rxed1 <= X"0000"; | Z20: =CONCATENATE(" when X""",C20,""" => DataOut <= ",A20,";") -> when X"0x0012" => DataOut <= reg_mode_data_rxed1; | AA20: =CONCATENATE(" when X""",C20,""" => ",A20," <= DataIn;") -> when X"0x0012" => reg_mode_data_rxed1 <= DataIn;
A21: reg_rx_cmd1 | B21: =B20+1 -> 19 | C21: =CONCATENATE("0x",DEC2HEX(B21,4)) -> 0x0013 | D21: =CONCATENATE(A21," (",C21,")") -> reg_rx_cmd1 (0x0013) | E21: Read | F21: 0000 | G21: =CONCATENATE("0x",F21) -> 0x0000 | K21: OtherTxOff | L21: Inhibit T/F | M21: DBC_accepted | N21: Synchronize | O21: InitiateBIT | X21: =CONCATENATE("const static uint16_t c_Mil1553_w",A21, " = ",C21,";") -> const static uint16_t c_Mil1553_wreg_rx_cmd1 = 0x0013; | Y21: =CONCATENATE(A21," <= X""",F21,""";") -> reg_rx_cmd1 <= X"0000"; | Z21: =CONCATENATE(" when X""",C21,""" => DataOut <= ",A21,";") -> when X"0x0013" => DataOut <= reg_rx_cmd1; | AA21: =CONCATENATE(" when X""",C21,""" => ",A21," <= DataIn;") -> when X"0x0013" => reg_rx_cmd1 <= DataIn;
A22: reg_tx_control1 | B22: =B21+1 -> 20 | C22: =CONCATENATE("0x",DEC2HEX(B22,4)) -> 0x0014 | D22: =CONCATENATE(A22," (",C22,")") -> reg_tx_control1 (0x0014) | E22: Read/Write | F22: 0000 | G22: =CONCATENATE("0x",F22) -> 0x0000 | H22: RT2RT | I22: SendMessage | X22: =CONCATENATE("const static uint16_t c_Mil1553_w",A22, " = ",C22,";") -> const static uint16_t c_Mil1553_wreg_tx_control1 = 0x0014; | Y22: =CONCATENATE(A22," <= X""",F22,""";") -> reg_tx_control1 <= X"0000"; | Z22: =CONCATENATE(" when X""",C22,""" => DataOut <= ",A22,";") -> when X"0x0014" => DataOut <= reg_tx_control1; | AA22: =CONCATENATE(" when X""",C22,""" => ",A22," <= DataIn;") -> when X"0x0014" => reg_tx_control1 <= DataIn;
A23: reg_cmd_proc_start1 | B23: =B22+1 -> 21 | C23: =CONCATENATE("0x",DEC2HEX(B23,4)) -> 0x0015 | D23: =CONCATENATE(A23," (",C23,")") -> reg_cmd_proc_start1 (0x0015) | E23: Read/Write | F23: 0000 | G23: =CONCATENATE("0x",F23) -> 0x0000 | X23: =CONCATENATE("const static uint16_t c_Mil1553_w",A23, " = ",C23,";") -> const static uint16_t c_Mil1553_wreg_cmd_proc_start1 = 0x0015; | Y23: =CONCATENATE(A23," <= X""",F23,""";") -> reg_cmd_proc_start1 <= X"0000"; | Z23: =CONCATENATE(" when X""",C23,""" => DataOut <= ",A23,";") -> when X"0x0015" => DataOut <= reg_cmd_proc_start1; | AA23: =CONCATENATE(" when X""",C23,""" => ",A23," <= DataIn;") -> when X"0x0015" => reg_cmd_proc_start1 <= DataIn;
A24: reg_cmd_proc_length1 | B24: =B23+1 -> 22 | C24: =CONCATENATE("0x",DEC2HEX(B24,4)) -> 0x0016 | D24: =CONCATENATE(A24," (",C24,")") -> reg_cmd_proc_length1 (0x0016) | E24: Read/Write | F24: 0000 | G24: =CONCATENATE("0x",F24) -> 0x0000 | X24: =CONCATENATE("const static uint16_t c_Mil1553_w",A24, " = ",C24,";") -> const static uint16_t c_Mil1553_wreg_cmd_proc_length1 = 0x0016; | Y24: =CONCATENATE(A24," <= X""",F24,""";") -> reg_cmd_proc_length1 <= X"0000"; | Z24: =CONCATENATE(" when X""",C24,""" => DataOut <= ",A24,";") -> when X"0x0016" => DataOut <= reg_cmd_proc_length1; | AA24: =CONCATENATE(" when X""",C24,""" => ",A24," <= DataIn;") -> when X"0x0016" => reg_cmd_proc_length1 <= DataIn;
A25: reg_cmd_rxed1 | B25: =B24+1 -> 23 | C25: =CONCATENATE("0x",DEC2HEX(B25,4)) -> 0x0017 | D25: =CONCATENATE(A25," (",C25,")") -> reg_cmd_rxed1 (0x0017) | F25: 0000 | G25: =CONCATENATE("0x",F25) -> 0x0000 | H25: RtAddr4 | I25: RtAddr3 | J25: RTAddr2 | K25: RtAddr1 | L25: RtAddr0 | M25: TxnRx | N25: SubAddr4 | O25: SubAddr3 | P25: SubAddr2 | Q25: SubAddr1 | R25: SubAddr0 | S25: DataLen4 | T25: DataLen3 | U25: DataLen2 | V25: DataLen1 | W25: DataLen0 | X25: =CONCATENATE("const static uint16_t c_Mil1553_w",A25, " = ",C25,";") -> const static uint16_t c_Mil1553_wreg_cmd_rxed1 = 0x0017; | Y25: =CONCATENATE(A25," <= X""",F25,""";") -> reg_cmd_rxed1 <= X"0000"; | Z25: =CONCATENATE(" when X""",C25,""" => DataOut <= ",A25,";") -> when X"0x0017" => DataOut <= reg_cmd_rxed1; | AA25: =CONCATENATE(" when X""",C25,""" => ",A25," <= DataIn;") -> when X"0x0017" => reg_cmd_rxed1 <= DataIn;
A26: reg_24 | B26: =B25+1 -> 24 | C26: =CONCATENATE("0x",DEC2HEX(B26,4)) -> 0x0018 | D26: =CONCATENATE(A26," (",C26,")") -> reg_24 (0x0018) | F26: 0000 | G26: =CONCATENATE("0x",F26) -> 0x0000 | X26: =CONCATENATE("const static uint16_t c_Mil1553_w",A26, " = ",C26,";") -> const static uint16_t c_Mil1553_wreg_24 = 0x0018; | Y26: =CONCATENATE(A26," <= X""",F26,""";") -> reg_24 <= X"0000"; | Z26: =CONCATENATE(" when X""",C26,""" => DataOut <= ",A26,";") -> when X"0x0018" => DataOut <= reg_24; | AA26: =CONCATENATE(" when X""",C26,""" => ",A26," <= DataIn;") -> when X"0x0018" => reg_24 <= DataIn;
A27: reg_bus1_DatSyncErr | B27: =B26+1 -> 25 | C27: =CONCATENATE("0x",DEC2HEX(B27,4)) -> 0x0019 | D27: =CONCATENATE(A27," (",C27,")") -> reg_bus1_DatSyncErr (0x0019) | F27: 0000 | G27: =CONCATENATE("0x",F27) -> 0x0000 | X27: =CONCATENATE("const static uint16_t c_Mil1553_w",A27, " = ",C27,";") -> const static uint16_t c_Mil1553_wreg_bus1_DatSyncErr = 0x0019; | Y27: =CONCATENATE(A27," <= X""",F27,""";") -> reg_bus1_DatSyncErr <= X"0000"; | Z27: =CONCATENATE(" when X""",C27,""" => DataOut <= ",A27,";") -> when X"0x0019" => DataOut <= reg_bus1_DatSyncErr; | AA27: =CONCATENATE(" when X""",C27,""" => ",A27," <= DataIn;") -> when X"0x0019" => reg_bus1_DatSyncErr <= DataIn;
A28: reg_bus1_CmdSyncErr | B28: =B27+1 -> 26 | C28: =CONCATENATE("0x",DEC2HEX(B28,4)) -> 0x001A | D28: =CONCATENATE(A28," (",C28,")") -> reg_bus1_CmdSyncErr (0x001A) | F28: 0000 | G28: =CONCATENATE("0x",F28) -> 0x0000 | X28: =CONCATENATE("const static uint16_t c_Mil1553_w",A28, " = ",C28,";") -> const static uint16_t c_Mil1553_wreg_bus1_CmdSyncErr = 0x001A; | Y28: =CONCATENATE(A28," <= X""",F28,""";") -> reg_bus1_CmdSyncErr <= X"0000"; | Z28: =CONCATENATE(" when X""",C28,""" => DataOut <= ",A28,";") -> when X"0x001A" => DataOut <= reg_bus1_CmdSyncErr; | AA28: =CONCATENATE(" when X""",C28,""" => ",A28," <= DataIn;") -> when X"0x001A" => reg_bus1_CmdSyncErr <= DataIn;
A29: reg_bus1_EarlyEdgeErr | B29: =B28+1 -> 27 | C29: =CONCATENATE("0x",DEC2HEX(B29,4)) -> 0x001B | D29: =CONCATENATE(A29," (",C29,")") -> reg_bus1_EarlyEdgeErr (0x001B) | F29: 0000 | G29: =CONCATENATE("0x",F29) -> 0x0000 | X29: =CONCATENATE("const static uint16_t c_Mil1553_w",A29, " = ",C29,";") -> const static uint16_t c_Mil1553_wreg_bus1_EarlyEdgeErr = 0x001B; | Y29: =CONCATENATE(A29," <= X""",F29,""";") -> reg_bus1_EarlyEdgeErr <= X"0000"; | Z29: =CONCATENATE(" when X""",C29,""" => DataOut <= ",A29,";") -> when X"0x001B" => DataOut <= reg_bus1_EarlyEdgeErr; | AA29: =CONCATENATE(" when X""",C29,""" => ",A29," <= DataIn;") -> when X"0x001B" => reg_bus1_EarlyEdgeErr <= DataIn;
A30: reg_bus1_LateEdgeErr | B30: =B29+1 -> 28 | C30: =CONCATENATE("0x",DEC2HEX(B30,4)) -> 0x001C | D30: =CONCATENATE(A30," (",C30,")") -> reg_bus1_LateEdgeErr (0x001C) | F30: 0000 | G30: =CONCATENATE("0x",F30) -> 0x0000 | X30: =CONCATENATE("const static uint16_t c_Mil1553_w",A30, " = ",C30,";") -> const static uint16_t c_Mil1553_wreg_bus1_LateEdgeErr = 0x001C; | Y30: =CONCATENATE(A30," <= X""",F30,""";") -> reg_bus1_LateEdgeErr <= X"0000"; | Z30: =CONCATENATE(" when X""",C30,""" => DataOut <= ",A30,";") -> when X"0x001C" => DataOut <= reg_bus1_LateEdgeErr; | AA30: =CONCATENATE(" when X""",C30,""" => ",A30," <= DataIn;") -> when X"0x001C" => reg_bus1_LateEdgeErr <= DataIn;
A31: reg_bus1_ParityErr | B31: =B30+1 -> 29 | C31: =CONCATENATE("0x",DEC2HEX(B31,4)) -> 0x001D | D31: =CONCATENATE(A31," (",C31,")") -> reg_bus1_ParityErr (0x001D) | F31: 0000 | G31: =CONCATENATE("0x",F31) -> 0x0000 | X31: =CONCATENATE("const static uint16_t c_Mil1553_w",A31, " = ",C31,";") -> const static uint16_t c_Mil1553_wreg_bus1_ParityErr = 0x001D; | Y31: =CONCATENATE(A31," <= X""",F31,""";") -> reg_bus1_ParityErr <= X"0000"; | Z31: =CONCATENATE(" when X""",C31,""" => DataOut <= ",A31,";") -> when X"0x001D" => DataOut <= reg_bus1_ParityErr; | AA31: =CONCATENATE(" when X""",C31,""" => ",A31," <= DataIn;") -> when X"0x001D" => reg_bus1_ParityErr <= DataIn;
A32: reg_bus1_status | B32: =B31+1 -> 30 | C32: =CONCATENATE("0x",DEC2HEX(B32,4)) -> 0x001E | D32: =CONCATENATE(A32," (",C32,")") -> reg_bus1_status (0x001E) | F32: 0000 | G32: =CONCATENATE("0x",F32) -> 0x0000 | P32: ModeCmd | Q32: DataReq | R32: DataReceived | S32: StatusRxedFlag | T32: SAF | U32: REP | V32: NRP | W32: GAP | X32: =CONCATENATE("const static uint16_t c_Mil1553_w",A32, " = ",C32,";") -> const static uint16_t c_Mil1553_wreg_bus1_status = 0x001E; | Y32: =CONCATENATE(A32," <= X""",F32,""";") -> reg_bus1_status <= X"0000"; | Z32: =CONCATENATE(" when X""",C32,""" => DataOut <= ",A32,";") -> when X"0x001E" => DataOut <= reg_bus1_status; | AA32: =CONCATENATE(" when X""",C32,""" => ",A32," <= DataIn;") -> when X"0x001E" => reg_bus1_status <= DataIn;
A33: reg_bus1_mask | B33: =B32+1 -> 31 | C33: =CONCATENATE("0x",DEC2HEX(B33,4)) -> 0x001F | D33: =CONCATENATE(A33," (",C33,")") -> reg_bus1_mask (0x001F) | F33: 0000 | G33: =CONCATENATE("0x",F33) -> 0x0000 | P33: ModeCmd | Q33: DataReq | R33: DataReceived | S33: StatusRxedFlag | T33: SAF | U33: REP | V33: NRP | W33: GAP | X33: =CONCATENATE("const static uint16_t c_Mil1553_w",A33, " = ",C33,";") -> const static uint16_t c_Mil1553_wreg_bus1_mask = 0x001F; | Y33: =CONCATENATE(A33," <= X""",F33,""";") -> reg_bus1_mask <= X"0000"; | Z33: =CONCATENATE(" when X""",C33,""" => DataOut <= ",A33,";") -> when X"0x001F" => DataOut <= reg_bus1_mask; | AA33: =CONCATENATE(" when X""",C33,""" => ",A33," <= DataIn;") -> when X"0x001F" => reg_bus1_mask <= DataIn;
A34: reg_status_rxed2 | B34: 32 | C34: =CONCATENATE("0x",DEC2HEX(B34,4)) -> 0x0020 | D34: =CONCATENATE(A34," (",C34,")") -> reg_status_rxed2 (0x0020) | E34: Read | F34: 0000 | G34: =CONCATENATE("0x",F34) -> 0x0000 | H34: RtAddr4 | I34: RtAddr3 | J34: RTAddr2 | K34: RtAddr1 | L34: RtAddr0 | M34: MessageError | N34: Instrument | O34: ServiceReq | P34: RTAddrError | Q34: Reserved | R34: Reserved | S34: Brdcst Rxes | T34: Busy | U34: SubSysFlag | V34: DBC Acpt | W34: TerminalFlag | X34: =CONCATENATE("const static uint16_t c_Mil1553_w",A34, " = ",C34,";") -> const static uint16_t c_Mil1553_wreg_status_rxed2 = 0x0020; | Y34: =CONCATENATE(A34," <= X""",F34,""";") -> reg_status_rxed2 <= X"0000"; | Z34: =CONCATENATE(" when X""",C34,""" => DataOut <= ",A34,";") -> when X"0x0020" => DataOut <= reg_status_rxed2; | AA34: =CONCATENATE(" when X""",C34,""" => ",A34," <= DataIn;") -> when X"0x0020" => reg_status_rxed2 <= DataIn;
A35: reg_mode_cmd_rxed2 | B35: =B34+1 -> 33 | C35: =CONCATENATE("0x",DEC2HEX(B35,4)) -> 0x0021 | D35: =CONCATENATE(A35," (",C35,")") -> reg_mode_cmd_rxed2 (0x0021) | E35: Read | F35: 0000 | G35: =CONCATENATE("0x",F35) -> 0x0000 | X35: =CONCATENATE("const static uint16_t c_Mil1553_w",A35, " = ",C35,";") -> const static uint16_t c_Mil1553_wreg_mode_cmd_rxed2 = 0x0021; | Y35: =CONCATENATE(A35," <= X""",F35,""";") -> reg_mode_cmd_rxed2 <= X"0000"; | Z35: =CONCATENATE(" when X""",C35,""" => DataOut <= ",A35,";") -> when X"0x0021" => DataOut <= reg_mode_cmd_rxed2; | AA35: =CONCATENATE(" when X""",C35,""" => ",A35," <= DataIn;") -> when X"0x0021" => reg_mode_cmd_rxed2 <= DataIn;
A36: reg_mode_data_rxed2 | B36: =B35+1 -> 34 | C36: =CONCATENATE("0x",DEC2HEX(B36,4)) -> 0x0022 | D36: =CONCATENATE(A36," (",C36,")") -> reg_mode_data_rxed2 (0x0022) | E36: Read | F36: 0000 | G36: =CONCATENATE("0x",F36) -> 0x0000 | X36: =CONCATENATE("const static uint16_t c_Mil1553_w",A36, " = ",C36,";") -> const static uint16_t c_Mil1553_wreg_mode_data_rxed2 = 0x0022; | Y36: =CONCATENATE(A36," <= X""",F36,""";") -> reg_mode_data_rxed2 <= X"0000"; | Z36: =CONCATENATE(" when X""",C36,""" => DataOut <= ",A36,";") -> when X"0x0022" => DataOut <= reg_mode_data_rxed2; | AA36: =CONCATENATE(" when X""",C36,""" => ",A36," <= DataIn;") -> when X"0x0022" => reg_mode_data_rxed2 <= DataIn;
A37: reg_rx_cmd2 | B37: =B36+1 -> 35 | C37: =CONCATENATE("0x",DEC2HEX(B37,4)) -> 0x0023 | D37: =CONCATENATE(A37," (",C37,")") -> reg_rx_cmd2 (0x0023) | E37: Read | F37: 0000 | G37: =CONCATENATE("0x",F37) -> 0x0000 | K37: OtherTxOff | L37: Inhibit T/F | M37: DBC_accepted | N37: Synchronize | O37: InitiateBIT | X37: =CONCATENATE("const static uint16_t c_Mil1553_w",A37, " = ",C37,";") -> const static uint16_t c_Mil1553_wreg_rx_cmd2 = 0x0023; | Y37: =CONCATENATE(A37," <= X""",F37,""";") -> reg_rx_cmd2 <= X"0000"; | Z37: =CONCATENATE(" when X""",C37,""" => DataOut <= ",A37,";") -> when X"0x0023" => DataOut <= reg_rx_cmd2; | AA37: =CONCATENATE(" when X""",C37,""" => ",A37," <= DataIn;") -> when X"0x0023" => reg_rx_cmd2 <= DataIn;
A38: reg_tx_control2 | B38: =B37+1 -> 36 | C38: =CONCATENATE("0x",DEC2HEX(B38,4)) -> 0x0024 | D38: =CONCATENATE(A38," (",C38,")") -> reg_tx_control2 (0x0024) | E38: Read/Write | F38: 0000 | G38: =CONCATENATE("0x",F38) -> 0x0000 | H38: RT2RT | I38: SendMessage | X38: =CONCATENATE("const static uint16_t c_Mil1553_w",A38, " = ",C38,";") -> const static uint16_t c_Mil1553_wreg_tx_control2 = 0x0024; | Y38: =CONCATENATE(A38," <= X""",F38,""";") -> reg_tx_control2 <= X"0000"; | Z38: =CONCATENATE(" when X""",C38,""" => DataOut <= ",A38,";") -> when X"0x0024" => DataOut <= reg_tx_control2; | AA38: =CONCATENATE(" when X""",C38,""" => ",A38," <= DataIn;") -> when X"0x0024" => reg_tx_control2 <= DataIn;
A39: reg_cmd_proc_start2 | B39: =B38+1 -> 37 | C39: =CONCATENATE("0x",DEC2HEX(B39,4)) -> 0x0025 | D39: =CONCATENATE(A39," (",C39,")") -> reg_cmd_proc_start2 (0x0025) | E39: Read/Write | F39: 0000 | G39: =CONCATENATE("0x",F39) -> 0x0000 | X39: =CONCATENATE("const static uint16_t c_Mil1553_w",A39, " = ",C39,";") -> const static uint16_t c_Mil1553_wreg_cmd_proc_start2 = 0x0025; | Y39: =CONCATENATE(A39," <= X""",F39,""";") -> reg_cmd_proc_start2 <= X"0000"; | Z39: =CONCATENATE(" when X""",C39,""" => DataOut <= ",A39,";") -> when X"0x0025" => DataOut <= reg_cmd_proc_start2; | AA39: =CONCATENATE(" when X""",C39,""" => ",A39," <= DataIn;") -> when X"0x0025" => reg_cmd_proc_start2 <= DataIn;
A40: reg_cmd_proc_length2 | B40: =B39+1 -> 38 | C40: =CONCATENATE("0x",DEC2HEX(B40,4)) -> 0x0026 | D40: =CONCATENATE(A40," (",C40,")") -> reg_cmd_proc_length2 (0x0026) | E40: Read/Write | F40: 0000 | G40: =CONCATENATE("0x",F40) -> 0x0000 | X40: =CONCATENATE("const static uint16_t c_Mil1553_w",A40, " = ",C40,";") -> const static uint16_t c_Mil1553_wreg_cmd_proc_length2 = 0x0026; | Y40: =CONCATENATE(A40," <= X""",F40,""";") -> reg_cmd_proc_length2 <= X"0000"; | Z40: =CONCATENATE(" when X""",C40,""" => DataOut <= ",A40,";") -> when X"0x0026" => DataOut <= reg_cmd_proc_length2; | AA40: =CONCATENATE(" when X""",C40,""" => ",A40," <= DataIn;") -> when X"0x0026" => reg_cmd_proc_length2 <= DataIn;
A41: reg_cmd_rxed2 | B41: =B40+1 -> 39 | C41: =CONCATENATE("0x",DEC2HEX(B41,4)) -> 0x0027 | D41: =CONCATENATE(A41," (",C41,")") -> reg_cmd_rxed2 (0x0027) | F41: 0000 | G41: =CONCATENATE("0x",F41) -> 0x0000 | H41: RtAddr4 | I41: RtAddr3 | J41: RTAddr2 | K41: RtAddr1 | L41: RtAddr0 | M41: TxnRx | N41: SubAddr4 | O41: SubAddr3 | P41: SubAddr2 | Q41: SubAddr1 | R41: SubAddr0 | S41: DataLen4 | T41: DataLen3 | U41: DataLen2 | V41: DataLen1 | W41: DataLen0 | X41: =CONCATENATE("const static uint16_t c_Mil1553_w",A41, " = ",C41,";") -> const static uint16_t c_Mil1553_wreg_cmd_rxed2 = 0x0027; | Y41: =CONCATENATE(A41," <= X""",F41,""";") -> reg_cmd_rxed2 <= X"0000"; | Z41: =CONCATENATE(" when X""",C41,""" => DataOut <= ",A41,";") -> when X"0x0027" => DataOut <= reg_cmd_rxed2; | AA41: =CONCATENATE(" when X""",C41,""" => ",A41," <= DataIn;") -> when X"0x0027" => reg_cmd_rxed2 <= DataIn;
A42: reg_40 | B42: =B41+1 -> 40 | C42: =CONCATENATE("0x",DEC2HEX(B42,4)) -> 0x0028 | D42: =CONCATENATE(A42," (",C42,")") -> reg_40 (0x0028) | F42: 0000 | G42: =CONCATENATE("0x",F42) -> 0x0000 | X42: =CONCATENATE("const static uint16_t c_Mil1553_w",A42, " = ",C42,";") -> const static uint16_t c_Mil1553_wreg_40 = 0x0028; | Y42: =CONCATENATE(A42," <= X""",F42,""";") -> reg_40 <= X"0000"; | Z42: =CONCATENATE(" when X""",C42,""" => DataOut <= ",A42,";") -> when X"0x0028" => DataOut <= reg_40; | AA42: =CONCATENATE(" when X""",C42,""" => ",A42," <= DataIn;") -> when X"0x0028" => reg_40 <= DataIn;
A43: reg_bus2_DatSyncErr | B43: =B42+1 -> 41 | C43: =CONCATENATE("0x",DEC2HEX(B43,4)) -> 0x0029 | D43: =CONCATENATE(A43," (",C43,")") -> reg_bus2_DatSyncErr (0x0029) | F43: 0000 | G43: =CONCATENATE("0x",F43) -> 0x0000 | H43: D15 | I43: D14 | J43: D13 | K43: D12 | L43: D11 | M43: D10 | N43: D9 | O43: D8 | P43: D7 | Q43: D6 | R43: D5 | S43: D4 | T43: D3 | U43: D2 | V43: D1 | W43: D0 | X43: =CONCATENATE("const static uint16_t c_Mil1553_w",A43, " = ",C43,";") -> const static uint16_t c_Mil1553_wreg_bus2_DatSyncErr = 0x0029; | Y43: =CONCATENATE(A43," <= X""",F43,""";") -> reg_bus2_DatSyncErr <= X"0000"; | Z43: =CONCATENATE(" when X""",C43,""" => DataOut <= ",A43,";") -> when X"0x0029" => DataOut <= reg_bus2_DatSyncErr; | AA43: =CONCATENATE(" when X""",C43,""" => ",A43," <= DataIn;") -> when X"0x0029" => reg_bus2_DatSyncErr <= DataIn;
A44: reg_bus2_CmdSyncErr | B44: =B43+1 -> 42 | C44: =CONCATENATE("0x",DEC2HEX(B44,4)) -> 0x002A | D44: =CONCATENATE(A44," (",C44,")") -> reg_bus2_CmdSyncErr (0x002A) | F44: 0000 | G44: =CONCATENATE("0x",F44) -> 0x0000 | X44: =CONCATENATE("const static uint16_t c_Mil1553_w",A44, " = ",C44,";") -> const static uint16_t c_Mil1553_wreg_bus2_CmdSyncErr = 0x002A; | Y44: =CONCATENATE(A44," <= X""",F44,""";") -> reg_bus2_CmdSyncErr <= X"0000"; | Z44: =CONCATENATE(" when X""",C44,""" => DataOut <= ",A44,";") -> when X"0x002A" => DataOut <= reg_bus2_CmdSyncErr; | AA44: =CONCATENATE(" when X""",C44,""" => ",A44," <= DataIn;") -> when X"0x002A" => reg_bus2_CmdSyncErr <= DataIn;
A45: reg_bus2_EarlyEdgeErr | B45: =B44+1 -> 43 | C45: =CONCATENATE("0x",DEC2HEX(B45,4)) -> 0x002B | D45: =CONCATENATE(A45," (",C45,")") -> reg_bus2_EarlyEdgeErr (0x002B) | F45: 0000 | G45: =CONCATENATE("0x",F45) -> 0x0000 | X45: =CONCATENATE("const static uint16_t c_Mil1553_w",A45, " = ",C45,";") -> const static uint16_t c_Mil1553_wreg_bus2_EarlyEdgeErr = 0x002B; | Y45: =CONCATENATE(A45," <= X""",F45,""";") -> reg_bus2_EarlyEdgeErr <= X"0000"; | Z45: =CONCATENATE(" when X""",C45,""" => DataOut <= ",A45,";") -> when X"0x002B" => DataOut <= reg_bus2_EarlyEdgeErr; | AA45: =CONCATENATE(" when X""",C45,""" => ",A45," <= DataIn;") -> when X"0x002B" => reg_bus2_EarlyEdgeErr <= DataIn;
A46: reg_bus2_LateEdgeErr | B46: =B45+1 -> 44 | C46: =CONCATENATE("0x",DEC2HEX(B46,4)) -> 0x002C | D46: =CONCATENATE(A46," (",C46,")") -> reg_bus2_LateEdgeErr (0x002C) | F46: 0000 | G46: =CONCATENATE("0x",F46) -> 0x0000 | X46: =CONCATENATE("const static uint16_t c_Mil1553_w",A46, " = ",C46,";") -> const static uint16_t c_Mil1553_wreg_bus2_LateEdgeErr = 0x002C; | Y46: =CONCATENATE(A46," <= X""",F46,""";") -> reg_bus2_LateEdgeErr <= X"0000"; | Z46: =CONCATENATE(" when X""",C46,""" => DataOut <= ",A46,";") -> when X"0x002C" => DataOut <= reg_bus2_LateEdgeErr; | AA46: =CONCATENATE(" when X""",C46,""" => ",A46," <= DataIn;") -> when X"0x002C" => reg_bus2_LateEdgeErr <= DataIn;
A47: reg_bus2_ParityErr | B47: =B46+1 -> 45 | C47: =CONCATENATE("0x",DEC2HEX(B47,4)) -> 0x002D | D47: =CONCATENATE(A47," (",C47,")") -> reg_bus2_ParityErr (0x002D) | F47: 0000 | G47: =CONCATENATE("0x",F47) -> 0x0000 | X47: =CONCATENATE("const static uint16_t c_Mil1553_w",A47, " = ",C47,";") -> const static uint16_t c_Mil1553_wreg_bus2_ParityErr = 0x002D; | Y47: =CONCATENATE(A47," <= X""",F47,""";") -> reg_bus2_ParityErr <= X"0000"; | Z47: =CONCATENATE(" when X""",C47,""" => DataOut <= ",A47,";") -> when X"0x002D" => DataOut <= reg_bus2_ParityErr; | AA47: =CONCATENATE(" when X""",C47,""" => ",A47," <= DataIn;") -> when X"0x002D" => reg_bus2_ParityErr <= DataIn;
A48: reg_bus2_status | B48: =B47+1 -> 46 | C48: =CONCATENATE("0x",DEC2HEX(B48,4)) -> 0x002E | D48: =CONCATENATE(A48," (",C48,")") -> reg_bus2_status (0x002E) | F48: 0000 | G48: =CONCATENATE("0x",F48) -> 0x0000 | P48: ModeCmd | Q48: DataReq | R48: DataReceived | S48: StatusRxedFlag | T48: SAF | U48: REP | V48: NRP | W48: GAP | X48: =CONCATENATE("const static uint16_t c_Mil1553_w",A48, " = ",C48,";") -> const static uint16_t c_Mil1553_wreg_bus2_status = 0x002E; | Y48: =CONCATENATE(A48," <= X""",F48,""";") -> reg_bus2_status <= X"0000"; | Z48: =CONCATENATE(" when X""",C48,""" => DataOut <= ",A48,";") -> when X"0x002E" => DataOut <= reg_bus2_status; | AA48: =CONCATENATE(" when X""",C48,""" => ",A48," <= DataIn;") -> when X"0x002E" => reg_bus2_status <= DataIn;
A49: reg_bus2_mask | B49: =B48+1 -> 47 | C49: =CONCATENATE("0x",DEC2HEX(B49,4)) -> 0x002F | D49: =CONCATENATE(A49," (",C49,")") -> reg_bus2_mask (0x002F) | F49: 0000 | G49: =CONCATENATE("0x",F49) -> 0x0000 | P49: ModeCmd | Q49: DataReq | R49: DataReceived | S49: StatusRxedFlag | T49: SAF | U49: REP | V49: NRP | W49: GAP | X49: =CONCATENATE("const static uint16_t c_Mil1553_w",A49, " = ",C49,";") -> const static uint16_t c_Mil1553_wreg_bus2_mask = 0x002F; | Y49: =CONCATENATE(A49," <= X""",F49,""";") -> reg_bus2_mask <= X"0000"; | Z49: =CONCATENATE(" when X""",C49,""" => DataOut <= ",A49,";") -> when X"0x002F" => DataOut <= reg_bus2_mask; | AA49: =CONCATENATE(" when X""",C49,""" => ",A49," <= DataIn;") -> when X"0x002F" => reg_bus2_mask <= DataIn;
A50: Timestamp3 MSB | B50: =B49+1 -> 48 | C50: =CONCATENATE("0x",DEC2HEX(B50,4)) -> 0x0030 | D50: =CONCATENATE(A50," (",C50,")") -> Timestamp3 MSB (0x0030) | E50: Read/Write | F50: 0000 | G50: =CONCATENATE("0x",F50) -> 0x0000 | H50: D63 | I50: D62 | J50: D61 | K50: D60 | L50: D59 | M50: D58 | N50: D57 | O50: D56 | P50: D55 | Q50: D54 | R50: D53 | S50: D52 | T50: D51 | U50: D50 | V50: D49 | W50: D48 | X50: =CONCATENATE("const static uint16_t c_Mil1553_w",A50, " = ",C50,";") -> const static uint16_t c_Mil1553_wTimestamp3 MSB = 0x0030; | Y50: =CONCATENATE(A50," <= X""",F50,""";") -> Timestamp3 MSB <= X"0000"; | Z50: =CONCATENATE(" when X""",C50,""" => DataOut <= ",A50,";") -> when X"0x0030" => DataOut <= Timestamp3 MSB; | AA50: =CONCATENATE(" when X""",C50,""" => ",A50," <= DataIn;") -> when X"0x0030" => Timestamp3 MSB <= DataIn;
A51: Timestamp2 | B51: =B50+1 -> 49 | C51: =CONCATENATE("0x",DEC2HEX(B51,4)) -> 0x0031 | D51: =CONCATENATE(A51," (",C51,")") -> Timestamp2 (0x0031) | E51: Read/Write | F51: 0000 | G51: =CONCATENATE("0x",F51) -> 0x0000 | H51: D47 | I51: D46 | J51: D45 | K51: D44 | L51: D43 | M51: D42 | N51: D41 | O51: D40 | P51: D39 | Q51: D38 | R51: D37 | S51: D36 | T51: D35 | U51: D34 | V51: D33 | W51: D32 | X51: =CONCATENATE("const static uint16_t c_Mil1553_w",A51, " = ",C51,";") -> const static uint16_t c_Mil1553_wTimestamp2 = 0x0031; | Y51: =CONCATENATE(A51," <= X""",F51,""";") -> Timestamp2 <= X"0000"; | Z51: =CONCATENATE(" when X""",C51,""" => DataOut <= ",A51,";") -> when X"0x0031" => DataOut <= Timestamp2; | AA51: =CONCATENATE(" when X""",C51,""" => ",A51," <= DataIn;") -> when X"0x0031" => Timestamp2 <= DataIn;
A52: Timestamp1 | B52: =B51+1 -> 50 | C52: =CONCATENATE("0x",DEC2HEX(B52,4)) -> 0x0032 | D52: =CONCATENATE(A52," (",C52,")") -> Timestamp1 (0x0032) | E52: Read/Write | F52: 0000 | G52: =CONCATENATE("0x",F52) -> 0x0000 | H52: D31 | I52: D30 | J52: D29 | K52: D28 | L52: D27 | M52: D26 | N52: D25 | O52: D24 | P52: D23 | Q52: D22 | R52: D21 | S52: D20 | T52: D19 | U52: D18 | V52: D17 | W52: D16 | X52: =CONCATENATE("const static uint16_t c_Mil1553_w",A52, " = ",C52,";") -> const static uint16_t c_Mil1553_wTimestamp1 = 0x0032; | Y52: =CONCATENATE(A52," <= X""",F52,""";") -> Timestamp1 <= X"0000"; | Z52: =CONCATENATE(" when X""",C52,""" => DataOut <= ",A52,";") -> when X"0x0032" => DataOut <= Timestamp1; | AA52: =CONCATENATE(" when X""",C52,""" => ",A52," <= DataIn;") -> when X"0x0032" => Timestamp1 <= DataIn;
A53: Timestamp0 LSB | B53: =B52+1 -> 51 | C53: =CONCATENATE("0x",DEC2HEX(B53,4)) -> 0x0033 | D53: =CONCATENATE(A53," (",C53,")") -> Timestamp0 LSB (0x0033) | E53: Read/Write | F53: 0000 | G53: =CONCATENATE("0x",F53) -> 0x0000 | H53: D15 | I53: D14 | J53: D13 | K53: D12 | L53: D11 | M53: D10 | N53: D9 | O53: D8 | P53: D7 | Q53: D6 | R53: D5 | S53: D4 | T53: D3 | U53: D2 | V53: D1 | W53: D0 | X53: =CONCATENATE("const static uint16_t c_Mil1553_w",A53, " = ",C53,";") -> const static uint16_t c_Mil1553_wTimestamp0 LSB = 0x0033; | Y53: =CONCATENATE(A53," <= X""",F53,""";") -> Timestamp0 LSB <= X"0000"; | Z53: =CONCATENATE(" when X""",C53,""" => DataOut <= ",A53,";") -> when X"0x0033" => DataOut <= Timestamp0 LSB; | AA53: =CONCATENATE(" when X""",C53,""" => ",A53," <= DataIn;") -> when X"0x0033" => Timestamp0 LSB <= DataIn;
A54: reg_rt_control | B54: =B53+1 -> 52 | C54: =CONCATENATE("0x",DEC2HEX(B54,4)) -> 0x0034 | D54: =CONCATENATE(A54," (",C54,")") -> reg_rt_control (0x0034) | E54: Read/Write | F54: 8000 | G54: =CONCATENATE("0x",F54) -> 0x8000 | H54: BusBusy | I54: BrdcstEn | J54: DbcEn | K54: ActiveBus | L54: UseBcRepeat | M54: BcRepeatStop | N54: BcRepeatStart | O54: EnableHwDataWrap | P54: Use reg vector word | Q54: Use reg BIT | R54: IS RT | V54: RstCore2 | W54: RstCore1 | X54: =CONCATENATE("const static uint16_t c_Mil1553_w",A54, " = ",C54,";") -> const static uint16_t c_Mil1553_wreg_rt_control = 0x0034; | Y54: =CONCATENATE(A54," <= X""",F54,""";") -> reg_rt_control <= X"8000"; | Z54: =CONCATENATE(" when X""",C54,""" => DataOut <= ",A54,";") -> when X"0x0034" => DataOut <= reg_rt_control; | AA54: =CONCATENATE(" when X""",C54,""" => ",A54," <= DataIn;") -> when X"0x0034" => reg_rt_control <= DataIn;
A55: reg_err_inj_data | B55: =B54+1 -> 53 | C55: =CONCATENATE("0x",DEC2HEX(B55,4)) -> 0x0035 | D55: =CONCATENATE(A55," (",C55,")") -> reg_err_inj_data (0x0035) | E55: Read/Write | F55: 0000 | G55: =CONCATENATE("0x",F55) -> 0x0000 | X55: =CONCATENATE("const static uint16_t c_Mil1553_w",A55, " = ",C55,";") -> const static uint16_t c_Mil1553_wreg_err_inj_data = 0x0035; | Y55: =CONCATENATE(A55," <= X""",F55,""";") -> reg_err_inj_data <= X"0000"; | Z55: =CONCATENATE(" when X""",C55,""" => DataOut <= ",A55,";") -> when X"0x0035" => DataOut <= reg_err_inj_data; | AA55: =CONCATENATE(" when X""",C55,""" => ",A55," <= DataIn;") -> when X"0x0035" => reg_err_inj_data <= DataIn;
A56: reg_gID | B56: =B55+1 -> 54 | C56: =CONCATENATE("0x",DEC2HEX(B56,4)) -> 0x0036 | D56: =CONCATENATE(A56," (",C56,")") -> reg_gID (0x0036) | E56: Read/Write | F56: 0000 | G56: =CONCATENATE("0x",F56) -> 0x0000 | X56: =CONCATENATE("const static uint16_t c_Mil1553_w",A56, " = ",C56,";") -> const static uint16_t c_Mil1553_wreg_gID = 0x0036; | Y56: =CONCATENATE(A56," <= X""",F56,""";") -> reg_gID <= X"0000"; | Z56: =CONCATENATE(" when X""",C56,""" => DataOut <= ",A56,";") -> when X"0x0036" => DataOut <= reg_gID; | AA56: =CONCATENATE(" when X""",C56,""" => ",A56," <= DataIn;") -> when X"0x0036" => reg_gID <= DataIn;
A57: reg_fw_version | B57: =B56+1 -> 55 | C57: =CONCATENATE("0x",DEC2HEX(B57,4)) -> 0x0037 | D57: =CONCATENATE(A57," (",C57,")") -> reg_fw_version (0x0037) | E57: Read | F57: 0000 | G57: =CONCATENATE("0x",F57) -> 0x0000 | X57: =CONCATENATE("const static uint16_t c_Mil1553_w",A57, " = ",C57,";") -> const static uint16_t c_Mil1553_wreg_fw_version = 0x0037; | Y57: =CONCATENATE(A57," <= X""",F57,""";") -> reg_fw_version <= X"0000"; | Z57: =CONCATENATE(" when X""",C57,""" => DataOut <= ",A57,";") -> when X"0x0037" => DataOut <= reg_fw_version; | AA57: =CONCATENATE(" when X""",C57,""" => ",A57," <= DataIn;") -> when X"0x0037" => reg_fw_version <= DataIn;
A58: reg_rt_addr | B58: =B57+1 -> 56 | C58: =CONCATENATE("0x",DEC2HEX(B58,4)) -> 0x0038 | D58: =CONCATENATE(A58," (",C58,")") -> reg_rt_addr (0x0038) | E58: Read | F58: 0001 | G58: =CONCATENATE("0x",F58) -> 0x0001
A59: reg_repeat_rate | B59: =B58+1 -> 57 | C59: =CONCATENATE("0x",DEC2HEX(B59,4)) -> 0x0039 | D59: =CONCATENATE(A59," (",C59,")") -> reg_repeat_rate (0x0039) | E59: Read/Write | F59: 32 | G59: =CONCATENATE("0x",F59) -> 0x32
A60: reg_wrap_subaddr | B60: =B59+1 -> 58 | C60: =CONCATENATE("0x",DEC2HEX(B60,4)) -> 0x003A | D60: =CONCATENATE(A60," (",C60,")") -> reg_wrap_subaddr (0x003A) | E60: Read/Write | F60: 0 | G60: =CONCATENATE("0x",F60) -> 0x0
A61: reg_rt_vectorword | B61: =B60+1 -> 59 | C61: =CONCATENATE("0x",DEC2HEX(B61,4)) -> 0x003B | D61: =CONCATENATE(A61," (",C61,")") -> reg_rt_vectorword (0x003B) | E61: Read/Write | F61: 0 | G61: =CONCATENATE("0x",F61) -> 0x0
A62: reg_rt_bit | B62: =B61+1 -> 60 | C62: =CONCATENATE("0x",DEC2HEX(B62,4)) -> 0x003C | D62: =CONCATENATE(A62," (",C62,")") -> reg_rt_bit (0x003C) | E62: Read/Write | F62: 0 | G62: =CONCATENATE("0x",F62) -> 0x0
B63: =B62+1 -> 61 | C63: =CONCATENATE("0x",DEC2HEX(B63,4)) -> 0x003D | D63: =CONCATENATE(A63," (",C63,")") -> (0x003D) | E63: Read/Write | F63: 0 | G63: =CONCATENATE("0x",F63) -> 0x0
B64: =B63+1 -> 62 | C64: =CONCATENATE("0x",DEC2HEX(B64,4)) -> 0x003E | D64: =CONCATENATE(A64," (",C64,")") -> (0x003E) | E64: Read/Write | F64: 0 | G64: =CONCATENATE("0x",F64) -> 0x0
B65: =B64+1 -> 63 | C65: =CONCATENATE("0x",DEC2HEX(B65,4)) -> 0x003F | D65: =CONCATENATE(A65," (",C65,")") -> (0x003F) | E65: Read/Write | F65: 0 | G65: =CONCATENATE("0x",F65) -> 0x0
A70: Clock frequency | B70: Hz | E70: 100000000
A71: Clock period | B71: 1/f | E71: =1/E70 -> 1e-08 | F71: Dec | H71: Hex
A72: tmr_1us | B72: 1us | E72: 1e-06 | F72: =(E72/$E$71)-1 -> 99 | H72: =DEC2HEX(F72,4) -> 0063
A73: tmr_GAP | B73: 4us | E73: 4e-06 | F73: =(E73/$E$71)-1 -> 399 | H73: =DEC2HEX(F73,4) -> 018F
A74: tmr_NRP | B74: 14us | E74: 1.4e-05 | F74: =(E74/$E$71)-1 -> 1399 | H74: =DEC2HEX(F74,4) -> 0577
A75: tmr_REP | B75: 4us | E75: 4e-06 | F75: =(E75/$E$71)-1 -> 399 | H75: =DEC2HEX(F75,4) -> 018F
A76: tmr_SAF (1us) | B76: 800us | E76: 0.0008 | F76: =(E76/E72)-1 -> 799 | H76: =DEC2HEX(F76,4) -> 031F
A78: BusBusy | F78: 8000 | X78: =CONCATENATE("const static uint16_t c_w",A78, " = 0x",F78,";") -> const static uint16_t c_wBusBusy = 0x8000;
A79: BrdcstEn | F79: 4000 | X79: =CONCATENATE("const static uint16_t c_w",A79, " = 0x",F79,";") -> const static uint16_t c_wBrdcstEn = 0x4000;
A80: DbcEn | F80: 2000 | X80: =CONCATENATE("const static uint16_t c_w",A80, " = 0x",F80,";") -> const static uint16_t c_wDbcEn = 0x2000;
A81: ActiveBus | F81: 1000 | X81: =CONCATENATE("const static uint16_t c_w",A81, " = 0x",F81,";") -> const static uint16_t c_wActiveBus = 0x1000;
A82: UseBcRepeat | F82: 0800 | X82: =CONCATENATE("const static uint16_t c_w",A82, " = 0x",F82,";") -> const static uint16_t c_wUseBcRepeat = 0x0800;
A83: BcRepeatStop | F83: 0400 | X83: =CONCATENATE("const static uint16_t c_w",A83, " = 0x",F83,";") -> const static uint16_t c_wBcRepeatStop = 0x0400;
A84: BcRepeatStart | F84: 0200 | X84: =CONCATENATE("const static uint16_t c_w",A84, " = 0x",F84,";") -> const static uint16_t c_wBcRepeatStart = 0x0200;
A85: EnableHwDataWrap | F85: 0100 | X85: =CONCATENATE("const static uint16_t c_w",A85, " = 0x",F85,";") -> const static uint16_t c_wEnableHwDataWrap = 0x0100;
A86: RstCore2 | F86: 0002 | X86: =CONCATENATE("const static uint16_t c_w",A86, " = 0x",F86,";") -> const static uint16_t c_wRstCore2 = 0x0002;
A87: RstCore1 | F87: 0001 | X87: =CONCATENATE("const static uint16_t c_w",A87, " = 0x",F87,";") -> const static uint16_t c_wRstCore1 = 0x0001;
X88: =CONCATENATE("const static uint16_t c_w",A88, " = 0x",F88,";") -> const static uint16_t c_w = 0x;
X89: =CONCATENATE("const static uint16_t c_w",A89, " = 0x",F89,";") -> const static uint16_t c_w = 0x;
X90: =CONCATENATE("const static uint16_t c_w",A90, " = 0x",F90,";") -> const static uint16_t c_w = 0x;
F91: QString qsNames[16] = {" | G91: ", " | H91: "};
F92: uint16_t wDefaultValues[16] = { | G92: , | H92: }; | X92: =CONCATENATE("const static uint16_t c_w",A86, " = 0x",F92,";") -> const static uint16_t c_wRstCore2 = 0xuint16_t wDefaultValues[16] = {;
D93: reg_status | E93: 1 | F93: 0x0000 | G93: 0x0000 | H93: 0x0000 | I93: 0x0000 | J93: 0x0063 | K93: 0x018F | L93: 0x0577 | M93: 0x195 | N93: 0x031F | O93: 0xFFFF | P93: 0xFFFF | Q93: 0x0000 | R93: 0x0032 | S93: 0x01FF | T93: 0x000D | U93: 0x01FA | V93: 0x0032 | X93: =CONCATENATE("const static uint16_t c_w",A87, " = 0x",F93,";") -> const static uint16_t c_wRstCore1 = 0x0x0000;
D94: reg_intr_mask | E94: =E93+1 -> 2 | F94: 0x0000 | G94: =CONCATENATE(F92,G93,G92,H93,G92,I93,G92,J93,G92,K93,G92,L93,G92,M93,G92,N93,G92,O93,G92,P93,G92,Q93,G92,R93,G92,S93,G92,T93,G92,U93,G92,V93,H92) -> uint16_t wDefaultValues[16] = {0x0000, 0x0000, 0x0000, 0x0063, 0x018F, 0x0577, 0x195, 0x031F, 0xFFFF, 0xFFFF, 0x0000, 0x0032, 0x01FF, 0x000D, 0x01FA, 0x0032}; | X94: =CONCATENATE("const static uint16_t c_w",A94, " = 0x",F94,";") -> const static uint16_t c_w = 0x0x0000;
D95: reg_clear_bits | E95: =E94+1 -> 3 | F95: 0x0000 | G95: reg_status | H95: reg_intr_mask | I95: reg_clear_bits | J95: reg_tmr_1us | K95: reg_tmr_GAP | L95: reg_tmr_NRP | M95: reg_tmr_REP | N95: reg_tmr_SAF | O95: reg_legal_subaddr1 | P95: reg_legal_subaddr2 | Q95: reg_legal_rx_mode1 | R95: reg_legal_rx_mode2 | S95: reg_legal_tx_mode1 | T95: reg_legal_tx_mode2 | U95: reg_legal_brdcst_mode1 | V95: reg_legal_brdcst_mode2 | X95: =CONCATENATE("const static uint16_t c_w",A95, " = 0x",F95,";") -> const static uint16_t c_w = 0x0x0000;
D96: reg_tmr_1us | E96: =E95+1 -> 4 | F96: 0x0063 | G96: =CONCATENATE(F91,G95,G91,H95,G91,I95,G91,J95,G91,K95,G91,L95,G91,M95,G91,N95,G91,O95,G91,P95,G91,Q95,G91,R95,G91,S95,G91,T95,G91,U95,G91,V95,H91) -> QString qsNames[16] = {"reg_status", "reg_intr_mask", "reg_clear_bits", "reg_tmr_1us", "reg_tmr_GAP", "reg_tmr_NRP", "reg_tmr_REP", "reg_tmr_SAF", "reg_legal_subaddr1", "reg_legal_subaddr2", "reg_legal_rx_mode1", "reg_legal_rx_mode2", "reg_legal_tx_mode1", "reg_legal_tx_mode2", "reg_legal_brdcst_mode1", "reg_legal_brdcst_mode2"}; | X96: =CONCATENATE("const static uint16_t c_w",A96, " = 0x",F96,";") -> const static uint16_t c_w = 0x0x0063;
D97: reg_tmr_GAP | E97: =E96+1 -> 5 | F97: 0x018F | X97: =CONCATENATE("const static uint16_t c_w",A97, " = 0x",F97,";") -> const static uint16_t c_w = 0x0x018F;
D98: reg_tmr_NRP | E98: =E97+1 -> 6 | F98: 0x0577 | X98: =CONCATENATE("const static uint16_t c_w",A98, " = 0x",F98,";") -> const static uint16_t c_w = 0x0x0577;
D99: reg_tmr_REP | E99: =E98+1 -> 7 | F99: 0x195 | X99: =CONCATENATE("const static uint16_t c_w",A99, " = 0x",F99,";") -> const static uint16_t c_w = 0x0x195;
D100: reg_tmr_SAF | E100: =E99+1 -> 8 | F100: 0x031F | X100: =CONCATENATE("const static uint16_t c_w",A100, " = 0x",F100,";") -> const static uint16_t c_w = 0x0x031F;
D101: reg_legal_subaddr1 | E101: =E100+1 -> 9 | F101: 0xFFFF | X101: =CONCATENATE("const static uint16_t c_w",A101, " = 0x",F101,";") -> const static uint16_t c_w = 0x0xFFFF;
D102: reg_legal_subaddr2 | E102: =E101+1 -> 10 | F102: 0xFFFF | X102: =CONCATENATE("const static uint16_t c_w",A102, " = 0x",F102,";") -> const static uint16_t c_w = 0x0xFFFF;
D103: reg_legal_rx_mode1 | E103: =E102+1 -> 11 | F103: 0x0000
D104: reg_legal_rx_mode2 | E104: =E103+1 -> 12 | F104: 0x0032
D105: reg_legal_tx_mode1 | E105: =E104+1 -> 13 | F105: 0x01FF
...

Sheet FAT Result Sheet
A1: TEST 1
A2: UUT/RT
B3: Expected | C3: Received
A4: Converter Software Version | B4: N/A
A5: Converter Firmware version | B5: N/A
A6: UART1 Firmware Version | B6: N/A
A7: UART2 Firmware Version | B7: N/A
A8: MIL1553 Core Firmware Version | B8: N/A
A9: UUT
B10: Expected | C10: Received
A11: Converter Software Version | B11: N/A
A12: Converter Firmware version | B12: N/A
A13: UART1 Firmware Version | B13: N/A
A14: UART2 Firmware Version | B14: N/A
A15: MIL1553 Core Firmware Version | B15: N/A
A17: TEST 2
A18: ADDR = 00000
A19: Description | B19: Expected | C19: Received | D19: Pass/Fail
A20: Address on BC | B20: 00000
A21: Parity on BC | B21: 1
A22: Address on RT | B22: 00000
A23: Parity on RT | B23: 1
A24: ADDR = 11111
A25: Description | B25: Expected | C25: Received | D25: Pass/Fail
A26: Address on BC | B26: 11111
A27: Parity on BC | B27: 0
A28: Address on RT | B28: 11111
A29: Parity on RT | B29: 0
A30: ADDR = 10101
A31: Description | B31: Expected | C31: Received | D31: Pass/Fail
A32: Address on BC | B32: 10101
A33: Parity on BC | B33: 0
A34: Address on RT | B34: 10101
A35: Parity on RT | B35: 0
A36: ADDR = 01010
A37: Description | B37: Expected | C37: Received | D37: Pass/Fail
A38: Address on BC | B38: 01010
A39: Parity on BC | B39: 1
A40: Address on RT | B40: 01010
A41: Parity on RT | B41: 1

Sheet CONV_USB_1553_Registers
A1: Registers | B1: Add | C1: Address | E1: Read/Write | F1: Default | G1: Default | H1: 15 | I1: 14 | J1: 13 | K1: 12 | L1: 11 | M1: 10 | N1: 9 | O1: 8 | P1: 7 | Q1: 6 | R1: 5 | S1: 4 | T1: 3 | U1: 2 | V1: 1 | W1: 0 | X1: Register deifnitions | Y1: Reset Assignment | Z1: RD command | AA1: Wr Command | AB1: PORT
A2: reg_status | B2: 0 | C2: =CONCATENATE("0x",DEC2HEX(B2,4)) -> 0x0000 | D2: =CONCATENATE(A2," (",C2,")") -> reg_status (0x0000) | E2: Read | F2: 0000 | G2: =CONCATENATE("0x",F2) -> 0x0000 | L2: TX EMPTY | M2: RX MSG | N2: 28V1 | O2: 28V2 | P2: INT | Q2: REL | X2: =CONCATENATE("const static uint16_t c_w",A2, " = ",C2,";") -> const static uint16_t c_wreg_status = 0x0000; | Y2: =IF(E2<>"READ",CONCATENATE(A2," <= X""",F2,""";"),"") | Z2: =IF(E2<>"WRITE",CONCATENATE(" when X""",C2,""" => DataOut <= ",A2,";"),"") -> when X"0x0000" => DataOut <= reg_status; | AA2: =IF(E2<>"READ",CONCATENATE(" when X""",C2,""" => ",A2," <= DataIn;"),"") | AB2: =IF(E2<>"READ",CONCATENATE(A2," : BUFFER std_logic_vector (15 DOWNTO 0);"),CONCATENATE(A2," : IN std_logic_vector (15 DOWNTO 0);")) -> reg_status : IN std_logic_vector (15 DOWNTO 0); | AC2: =CONCATENATE("pl1553BaseAddress[c_w",A2, "] = 0x",F2,";") -> pl1553BaseAddress[c_wreg_status] = 0x0000;
A3: reg_intr_mask | B3: =B2+1 -> 1 | C3: =CONCATENATE("0x",DEC2HEX(B3,4)) -> 0x0001 | D3: =CONCATENATE(A3," (",C3,")") -> reg_intr_mask (0x0001) | E3: Read/Write | F3: 0000 | G3: =CONCATENATE("0x",F3) -> 0x0000 | L3: TX EMPTY | M3: RX MSG | N3: 28V1 | O3: 28V2 | P3: INT | Q3: REL | X3: =CONCATENATE("const static uint16_t c_w",A3, " = ",C3,";") -> const static uint16_t c_wreg_intr_mask = 0x0001; | Y3: =IF(E3<>"READ",CONCATENATE(A3," <= X""",F3,""";"),"") -> reg_intr_mask <= X"0000"; | Z3: =IF(E3<>"WRITE",CONCATENATE(" when X""",C3,""" => DataOut <= ",A3,";"),"") -> when X"0x0001" => DataOut <= reg_intr_mask; | AA3: =IF(E3<>"READ",CONCATENATE(" when X""",C3,""" => ",A3," <= DataIn;"),"") -> when X"0x0001" => reg_intr_mask <= DataIn; | AB3: =IF(E3<>"READ",CONCATENATE(A3," : BUFFER std_logic_vector (15 DOWNTO 0);"),CONCATENATE(A3," : IN std_logic_vector (15 DOWNTO 0);")) -> reg_intr_mask : BUFFER std_logic_vector (15 DOWNTO 0); | AC3: =CONCATENATE("pl1553BaseAddress[c_w",A3, "] = 0x",F3,";") -> pl1553BaseAddress[c_wreg_intr_mask] = 0x0000;
A4: reg_gID | B4: =B3+1 -> 2 | C4: =CONCATENATE("0x",DEC2HEX(B4,4)) -> 0x0002 | D4: =CONCATENATE(A4," (",C4,")") -> reg_gID (0x0002) | E4: Read/Write | F4: BEEF | G4: =CONCATENATE("0x",F4) -> 0xBEEF | H4: 1 | I4: 0 | J4: 1 | K4: 1 | L4: 1 | M4: 1 | N4: 1 | O4: 0 | P4: 1 | Q4: 1 | R4: 1 | S4: 0 | T4: 1 | U4: 1 | V4: 1 | W4: 1 | X4: =CONCATENATE("const static uint16_t c_w",A4, " = ",C4,";") -> const static uint16_t c_wreg_gID = 0x0002; | Y4: =IF(E4<>"READ",CONCATENATE(A4," <= X""",F4,""";"),"") -> reg_gID <= X"BEEF"; | Z4: =IF(E4<>"WRITE",CONCATENATE(" when X""",C4,""" => DataOut <= ",A4,";"),"") -> when X"0x0002" => DataOut <= reg_gID; | AA4: =IF(E4<>"READ",CONCATENATE(" when X""",C4,""" => ",A4," <= DataIn;"),"") -> when X"0x0002" => reg_gID <= DataIn; | AB4: =IF(E4<>"READ",CONCATENATE(A4," : BUFFER std_logic_vector (15 DOWNTO 0);"),CONCATENATE(A4," : IN std_logic_vector (15 DOWNTO 0);")) -> reg_gID : BUFFER std_logic_vector (15 DOWNTO 0); | AC4: =CONCATENATE("pl1553BaseAddress[c_w",A4, "] = 0x",F4,";") -> pl1553BaseAddress[c_wreg_gID] = 0xBEEF;
A5: reg_fw_version | B5: =B4+1 -> 3 | C5: =CONCATENATE("0x",DEC2HEX(B5,4)) -> 0x0003 | D5: =CONCATENATE(A5," (",C5,")") -> reg_fw_version (0x0003) | E5: Read | F5: 0100 | G5: =CONCATENATE("0x",F5) -> 0x0100 | H5: 0 | I5: 0 | J5: 0 | K5: 0 | L5: 0 | M5: 0 | N5: 0 | O5: 1 | P5: 0 | Q5: 0 | R5: 0 | S5: 0 | T5: 0 | U5: 0 | V5: 0 | W5: 0 | X5: =CONCATENATE("const static uint16_t c_w",A5, " = ",C5,";") -> const static uint16_t c_wreg_fw_version = 0x0003; | Y5: =IF(E5<>"READ",CONCATENATE(A5," <= X""",F5,""";"),"") | Z5: =IF(E5<>"WRITE",CONCATENATE(" when X""",C5,""" => DataOut <= ",A5,";"),"") -> when X"0x0003" => DataOut <= reg_fw_version; | AA5: =IF(E5<>"READ",CONCATENATE(" when X""",C5,""" => ",A5," <= DataIn;"),"") | AB5: =IF(E5<>"READ",CONCATENATE(A5," : BUFFER std_logic_vector (15 DOWNTO 0);"),CONCATENATE(A5," : IN std_logic_vector (15 DOWNTO 0);")) -> reg_fw_version : IN std_logic_vector (15 DOWNTO 0); | AC5: =CONCATENATE("pl1553BaseAddress[c_w",A5, "] = 0x",F5,";") -> pl1553BaseAddress[c_wreg_fw_version] = 0x0100;
A6: reg_mode_addr_wr | B6: =B5+1 -> 4 | C6: =CONCATENATE("0x",DEC2HEX(B6,4)) -> 0x0004 | D6: =CONCATENATE(A6," (",C6,")") -> reg_mode_addr_wr (0x0004) | E6: Read/Write | F6: 0000 | G6: =CONCATENATE("0x",F6) -> 0x0000 | H6: MON | I6: RT | J6: BC | K6: RT Drive | L6: TX EMPTY | M6: RX MSG | N6: 28V1 | O6: 28V2 | P6: INT | Q6: REL | R6: PAR | S6: ADR4 | T6: ADR3 | U6: ADR2 | V6: ADR1 | W6: ADR0 | X6: =CONCATENATE("const static uint16_t c_w",A6, " = ",C6,";") -> const static uint16_t c_wreg_mode_addr_wr = 0x0004; | Y6: =IF(E6<>"READ",CONCATENATE(A6," <= X""",F6,""";"),"") -> reg_mode_addr_wr <= X"0000"; | Z6: =IF(E6<>"WRITE",CONCATENATE(" when X""",C6,""" => DataOut <= ",A6,";"),"") -> when X"0x0004" => DataOut <= reg_mode_addr_wr; | AA6: =IF(E6<>"READ",CONCATENATE(" when X""",C6,""" => ",A6," <= DataIn;"),"") -> when X"0x0004" => reg_mode_addr_wr <= DataIn; | AB6: =IF(E6<>"READ",CONCATENATE(A6," : BUFFER std_logic_vector (15 DOWNTO 0);"),CONCATENATE(A6," : IN std_logic_vector (15 DOWNTO 0);")) -> reg_mode_addr_wr : BUFFER std_logic_vector (15 DOWNTO 0); | AC6: =CONCATENATE("pl1553BaseAddress[c_w",A6, "] = 0x",F6,";") -> pl1553BaseAddress[c_wreg_mode_addr_wr] = 0x0000;
A7: reg_mode_addr_rd | B7: =B6+1 -> 5 | C7: =CONCATENATE("0x",DEC2HEX(B7,4)) -> 0x0005 | D7: =CONCATENATE(A7," (",C7,")") -> reg_mode_addr_rd (0x0005) | E7: Read/Write | F7: 0000 | G7: =CONCATENATE("0x",F7) -> 0x0000 | N7: 28V1 | O7: 28V2 | P7: INT | Q7: REL | R7: PAR | S7: ADR4 | T7: ADR3 | U7: ADR2 | V7: ADR1 | W7: ADR0 | X7: =CONCATENATE("const static uint16_t c_w",A7, " = ",C7,";") -> const static uint16_t c_wreg_mode_addr_rd = 0x0005; | Y7: =IF(E7<>"READ",CONCATENATE(A7," <= X""",F7,""";"),"") -> reg_mode_addr_rd <= X"0000"; | Z7: =IF(E7<>"WRITE",CONCATENATE(" when X""",C7,""" => DataOut <= ",A7,";"),"") -> when X"0x0005" => DataOut <= reg_mode_addr_rd; | AA7: =IF(E7<>"READ",CONCATENATE(" when X""",C7,""" => ",A7," <= DataIn;"),"") -> when X"0x0005" => reg_mode_addr_rd <= DataIn; | AB7: =IF(E7<>"READ",CONCATENATE(A7," : BUFFER std_logic_vector (15 DOWNTO 0);"),CONCATENATE(A7," : IN std_logic_vector (15 DOWNTO 0);")) -> reg_mode_addr_rd : BUFFER std_logic_vector (15 DOWNTO 0); | AC7: =CONCATENATE("pl1553BaseAddress[c_w",A7, "] = 0x",F7,";") -> pl1553BaseAddress[c_wreg_mode_addr_rd] = 0x0000;
A8: reg_control | B8: =B7+1 -> 6 | C8: =CONCATENATE("0x",DEC2HEX(B8,4)) -> 0x0006 | D8: =CONCATENATE(A8," (",C8,")") -> reg_control (0x0006) | E8: Read/Write | F8: 0000 | G8: =CONCATENATE("0x",F8) -> 0x0000 | K8: UseConfigAddr | S8: RstConv | T8: RstMil1553 | U8: RstUart2 | V8: Rst Uart1 | W8: FLASHLEDS | X8: =CONCATENATE("const static uint16_t c_w",A8, " = ",C8,";") -> const static uint16_t c_wreg_control = 0x0006; | Y8: =IF(E8<>"READ",CONCATENATE(A8," <= X""",F8,""";"),"") -> reg_control <= X"0000"; | Z8: =IF(E8<>"WRITE",CONCATENATE(" when X""",C8,""" => DataOut <= ",A8,";"),"") -> when X"0x0006" => DataOut <= reg_control; | AA8: =IF(E8<>"READ",CONCATENATE(" when X""",C8,""" => ",A8," <= DataIn;"),"") -> when X"0x0006" => reg_control <= DataIn; | AB8: =IF(E8<>"READ",CONCATENATE(A8," : BUFFER std_logic_vector (15 DOWNTO 0);"),CONCATENATE(A8," : IN std_logic_vector (15 DOWNTO 0);")) -> reg_control : BUFFER std_logic_vector (15 DOWNTO 0); | AC8: =CONCATENATE("pl1553BaseAddress[c_w",A8, "] = 0x",F8,";") -> pl1553BaseAddress[c_wreg_control] = 0x0000;
A9: reg_sw_version | B9: =B8+1 -> 7 | C9: =CONCATENATE("0x",DEC2HEX(B9,4)) -> 0x0007 | D9: =CONCATENATE(A9," (",C9,")") -> reg_sw_version (0x0007) | E9: Read/Write | F9: 0000 | G9: =CONCATENATE("0x",F9) -> 0x0000 | X9: =CONCATENATE("const static uint16_t c_w",A9, " = ",C9,";") -> const static uint16_t c_wreg_sw_version = 0x0007; | Y9: =IF(E9<>"READ",CONCATENATE(A9," <= X""",F9,""";"),"") -> reg_sw_version <= X"0000"; | Z9: =IF(E9<>"WRITE",CONCATENATE(" when X""",C9,""" => DataOut <= ",A9,";"),"") -> when X"0x0007" => DataOut <= reg_sw_version; | AA9: =IF(E9<>"READ",CONCATENATE(" when X""",C9,""" => ",A9," <= DataIn;"),"") -> when X"0x0007" => reg_sw_version <= DataIn; | AB9: =IF(E9<>"READ",CONCATENATE(A9," : BUFFER std_logic_vector (15 DOWNTO 0);"),CONCATENATE(A9," : IN std_logic_vector (15 DOWNTO 0);")) -> reg_sw_version : BUFFER std_logic_vector (15 DOWNTO 0); | AC9: =CONCATENATE("pl1553BaseAddress[c_w",A9, "] = 0x",F9,";") -> pl1553BaseAddress[c_wreg_sw_version] = 0x0000;
A10: reg_8 | B10: =B9+1 -> 8 | C10: =CONCATENATE("0x",DEC2HEX(B10,4)) -> 0x0008 | D10: =CONCATENATE(A10," (",C10,")") -> reg_8 (0x0008) | E10: Read/Write | F10: 0000 | G10: =CONCATENATE("0x",F10) -> 0x0000 | X10: =CONCATENATE("const static uint16_t c_w",A10, " = ",C10,";") -> const static uint16_t c_wreg_8 = 0x0008; | Y10: =IF(E10<>"READ",CONCATENATE(A10," <= X""",F10,""";"),"") -> reg_8 <= X"0000"; | Z10: =IF(E10<>"WRITE",CONCATENATE(" when X""",C10,""" => DataOut <= ",A10,";"),"") -> when X"0x0008" => DataOut <= reg_8; | AA10: =IF(E10<>"READ",CONCATENATE(" when X""",C10,""" => ",A10," <= DataIn;"),"") -> when X"0x0008" => reg_8 <= DataIn; | AB10: =IF(E10<>"READ",CONCATENATE(A10," : BUFFER std_logic_vector (15 DOWNTO 0);"),CONCATENATE(A10," : IN std_logic_vector (15 DOWNTO 0);")) -> reg_8 : BUFFER std_logic_vector (15 DOWNTO 0); | AC10: =CONCATENATE("pl1553BaseAddress[c_w",A10, "] = 0x",F10,";") -> pl1553BaseAddress[c_wreg_8] = 0x0000;
A11: reg_9 | B11: =B10+1 -> 9 | C11: =CONCATENATE("0x",DEC2HEX(B11,4)) -> 0x0009 | D11: =CONCATENATE(A11," (",C11,")") -> reg_9 (0x0009) | E11: Read/Write | F11: 0000 | G11: =CONCATENATE("0x",F11) -> 0x0000 | X11: =CONCATENATE("const static uint16_t c_w",A11, " = ",C11,";") -> const static uint16_t c_wreg_9 = 0x0009; | Y11: =IF(E11<>"READ",CONCATENATE(A11," <= X""",F11,""";"),"") -> reg_9 <= X"0000"; | Z11: =IF(E11<>"WRITE",CONCATENATE(" when X""",C11,""" => DataOut <= ",A11,";"),"") -> when X"0x0009" => DataOut <= reg_9; | AA11: =IF(E11<>"READ",CONCATENATE(" when X""",C11,""" => ",A11," <= DataIn;"),"") -> when X"0x0009" => reg_9 <= DataIn; | AB11: =IF(E11<>"READ",CONCATENATE(A11," : BUFFER std_logic_vector (15 DOWNTO 0);"),CONCATENATE(A11," : IN std_logic_vector (15 DOWNTO 0);")) -> reg_9 : BUFFER std_logic_vector (15 DOWNTO 0); | AC11: =CONCATENATE("pl1553BaseAddress[c_w",A11, "] = 0x",F11,";") -> pl1553BaseAddress[c_wreg_9] = 0x0000;
A12: reg_10 | B12: =B11+1 -> 10 | C12: =CONCATENATE("0x",DEC2HEX(B12,4)) -> 0x000A | D12: =CONCATENATE(A12," (",C12,")") -> reg_10 (0x000A) | E12: Read/Write | F12: 0000 | G12: =CONCATENATE("0x",F12) -> 0x0000 | X12: =CONCATENATE("const static uint16_t c_w",A12, " = ",C12,";") -> const static uint16_t c_wreg_10 = 0x000A; | Y12: =IF(E12<>"READ",CONCATENATE(A12," <= X""",F12,""";"),"") -> reg_10 <= X"0000"; | Z12: =IF(E12<>"WRITE",CONCATENATE(" when X""",C12,""" => DataOut <= ",A12,";"),"") -> when X"0x000A" => DataOut <= reg_10; | AA12: =IF(E12<>"READ",CONCATENATE(" when X""",C12,""" => ",A12," <= DataIn;"),"") -> when X"0x000A" => reg_10 <= DataIn; | AB12: =IF(E12<>"READ",CONCATENATE(A12," : BUFFER std_logic_vector (15 DOWNTO 0);"),CONCATENATE(A12," : IN std_logic_vector (15 DOWNTO 0);")) -> reg_10 : BUFFER std_logic_vector (15 DOWNTO 0); | AC12: =CONCATENATE("pl1553BaseAddress[c_w",A12, "] = 0x",F12,";") -> pl1553BaseAddress[c_wreg_10] = 0x0000;
A13: reg_11 | B13: =B12+1 -> 11 | C13: =CONCATENATE("0x",DEC2HEX(B13,4)) -> 0x000B | D13: =CONCATENATE(A13," (",C13,")") -> reg_11 (0x000B) | E13: Read/Write | F13: 0000 | G13: =CONCATENATE("0x",F13) -> 0x0000 | X13: =CONCATENATE("const static uint16_t c_w",A13, " = ",C13,";") -> const static uint16_t c_wreg_11 = 0x000B; | Y13: =IF(E13<>"READ",CONCATENATE(A13," <= X""",F13,""";"),"") -> reg_11 <= X"0000"; | Z13: =IF(E13<>"WRITE",CONCATENATE(" when X""",C13,""" => DataOut <= ",A13,";"),"") -> when X"0x000B" => DataOut <= reg_11; | AA13: =IF(E13<>"READ",CONCATENATE(" when X""",C13,""" => ",A13," <= DataIn;"),"") -> when X"0x000B" => reg_11 <= DataIn; | AB13: =IF(E13<>"READ",CONCATENATE(A13," : BUFFER std_logic_vector (15 DOWNTO 0);"),CONCATENATE(A13," : IN std_logic_vector (15 DOWNTO 0);")) -> reg_11 : BUFFER std_logic_vector (15 DOWNTO 0); | AC13: =CONCATENATE("pl1553BaseAddress[c_w",A13, "] = 0x",F13,";") -> pl1553BaseAddress[c_wreg_11] = 0x0000;
A14: Timestamp3_MSB | B14: =B13+1 -> 12 | C14: =CONCATENATE("0x",DEC2HEX(B14,4)) -> 0x000C | D14: =CONCATENATE(A14," (",C14,")") -> Timestamp3_MSB (0x000C) | E14: Read/Write | F14: 0000 | G14: =CONCATENATE("0x",F14) -> 0x0000 | X14: =CONCATENATE("const static uint16_t c_w",A14, " = ",C14,";") -> const static uint16_t c_wTimestamp3_MSB = 0x000C; | Y14: =IF(E14<>"READ",CONCATENATE(A14," <= X""",F14,""";"),"") -> Timestamp3_MSB <= X"0000"; | Z14: =IF(E14<>"WRITE",CONCATENATE(" when X""",C14,""" => DataOut <= ",A14,";"),"") -> when X"0x000C" => DataOut <= Timestamp3_MSB; | AA14: =IF(E14<>"READ",CONCATENATE(" when X""",C14,""" => ",A14," <= DataIn;"),"") -> when X"0x000C" => Timestamp3_MSB <= DataIn; | AB14: =IF(E14<>"READ",CONCATENATE(A14," : BUFFER std_logic_vector (15 DOWNTO 0);"),CONCATENATE(A14," : IN std_logic_vector (15 DOWNTO 0);")) -> Timestamp3_MSB : BUFFER std_logic_vector (15 DOWNTO 0); | AC14: =CONCATENATE("pl1553BaseAddress[c_w",A14, "] = 0x",F14,";") -> pl1553BaseAddress[c_wTimestamp3_MSB] = 0x0000;
A15: Timestamp2 | B15: =B14+1 -> 13 | C15: =CONCATENATE("0x",DEC2HEX(B15,4)) -> 0x000D | D15: =CONCATENATE(A15," (",C15,")") -> Timestamp2 (0x000D) | E15: Read/Write | F15: 0000 | G15: =CONCATENATE("0x",F15) -> 0x0000 | X15: =CONCATENATE("const static uint16_t c_w",A15, " = ",C15,";") -> const static uint16_t c_wTimestamp2 = 0x000D; | Y15: =IF(E15<>"READ",CONCATENATE(A15," <= X""",F15,""";"),"") -> Timestamp2 <= X"0000"; | Z15: =IF(E15<>"WRITE",CONCATENATE(" when X""",C15,""" => DataOut <= ",A15,";"),"") -> when X"0x000D" => DataOut <= Timestamp2; | AA15: =IF(E15<>"READ",CONCATENATE(" when X""",C15,""" => ",A15," <= DataIn;"),"") -> when X"0x000D" => Timestamp2 <= DataIn; | AB15: =IF(E15<>"READ",CONCATENATE(A15," : BUFFER std_logic_vector (15 DOWNTO 0);"),CONCATENATE(A15," : IN std_logic_vector (15 DOWNTO 0);")) -> Timestamp2 : BUFFER std_logic_vector (15 DOWNTO 0); | AC15: =CONCATENATE("pl1553BaseAddress[c_w",A15, "] = 0x",F15,";") -> pl1553BaseAddress[c_wTimestamp2] = 0x0000;
A16: Timestamp1 | B16: =B15+1 -> 14 | C16: =CONCATENATE("0x",DEC2HEX(B16,4)) -> 0x000E | D16: =CONCATENATE(A16," (",C16,")") -> Timestamp1 (0x000E) | E16: Read/Write | F16: 0000 | G16: =CONCATENATE("0x",F16) -> 0x0000 | X16: =CONCATENATE("const static uint16_t c_w",A16, " = ",C16,";") -> const static uint16_t c_wTimestamp1 = 0x000E; | Y16: =IF(E16<>"READ",CONCATENATE(A16," <= X""",F16,""";"),"") -> Timestamp1 <= X"0000"; | Z16: =IF(E16<>"WRITE",CONCATENATE(" when X""",C16,""" => DataOut <= ",A16,";"),"") -> when X"0x000E" => DataOut <= Timestamp1; | AA16: =IF(E16<>"READ",CONCATENATE(" when X""",C16,""" => ",A16," <= DataIn;"),"") -> when X"0x000E" => Timestamp1 <= DataIn; | AB16: =IF(E16<>"READ",CONCATENATE(A16," : BUFFER std_logic_vector (15 DOWNTO 0);"),CONCATENATE(A16," : IN std_logic_vector (15 DOWNTO 0);")) -> Timestamp1 : BUFFER std_logic_vector (15 DOWNTO 0); | AC16: =CONCATENATE("pl1553BaseAddress[c_w",A16, "] = 0x",F16,";") -> pl1553BaseAddress[c_wTimestamp1] = 0x0000;
A17: Timestamp0_LSB | B17: =B16+1 -> 15 | C17: =CONCATENATE("0x",DEC2HEX(B17,4)) -> 0x000F | D17: =CONCATENATE(A17," (",C17,")") -> Timestamp0_LSB (0x000F) | E17: Read/Write | F17: 0000 | G17: =CONCATENATE("0x",F17) -> 0x0000 | X17: =CONCATENATE("const static uint16_t c_w",A17, " = ",C17,";") -> const static uint16_t c_wTimestamp0_LSB = 0x000F; | Y17: =IF(E17<>"READ",CONCATENATE(A17," <= X""",F17,""";"),"") -> Timestamp0_LSB <= X"0000"; | Z17: =IF(E17<>"WRITE",CONCATENATE(" when X""",C17,""" => DataOut <= ",A17,";"),"") -> when X"0x000F" => DataOut <= Timestamp0_LSB; | AA17: =IF(E17<>"READ",CONCATENATE(" when X""",C17,""" => ",A17," <= DataIn;"),"") -> when X"0x000F" => Timestamp0_LSB <= DataIn; | AB17: =IF(E17<>"READ",CONCATENATE(A17," : BUFFER std_logic_vector (15 DOWNTO 0);"),CONCATENATE(A17," : IN std_logic_vector (15 DOWNTO 0);")) -> Timestamp0_LSB : BUFFER std_logic_vector (15 DOWNTO 0); | AC17: =CONCATENATE("pl1553BaseAddress[c_w",A17, "] = 0x",F17,";") -> pl1553BaseAddress[c_wTimestamp0_LSB] = 0x0000;
G19: uint16_t wDefaultValues[16] = { | H19: , | I19: };
A20: Discrete outputs | B20: 15 | G20: 0x0000 | H20: 0x0000 | I20: 0x0000 | J20: 0xBEEF | K20: 0x0100 | L20: 0x0000 | M20: 0x0000 | N20: 0x0000 | O20: 0x0000 | P20: 0x0000 | Q20: 0x0000 | R20: 0x0000 | S20: 0x0000 | T20: 0x0000 | U20: 0x0000 | V20: 0x0000 | W20: 0x0000
B21: =B20-1 -> 14 | G21: 0x0000 | H21: =CONCATENATE(G19,H20,H19,I20,H19,J20,H19,K20,H19,L20,H19,M20,H19,N20,H19,O20,H19,P20,H19,Q20,H19,R20,H19,S20,H19,T20,H19,U20,H19,V20,H19,W20,I19) -> uint16_t wDefaultValues[16] = {0x0000, 0x0000, 0xBEEF, 0x0100, 0x0000, 0x0000, 0x0000, 0x0000, 0x0000, 0x0000, 0x0000, 0x0000, 0x0000, 0x0000, 0x0000, 0x0000};
B22: =B21-1 -> 13 | G22: 0xBEEF
B23: =B22-1 -> 12 | G23: 0x0100
B24: =B23-1 -> 11 | G24: 0x0000
B25: =B24-1 -> 10 | G25: 0x0000
B26: =B25-1 -> 9 | G26: 0x0000
B27: =B26-1 -> 8 | G27: 0x0000
B28: =B27-1 -> 7 | G28: 0x0000
B29: =B28-1 -> 6 | G29: 0x0000
B30: =B29-1 -> 5 | G30: 0x0000
B31: =B30-1 -> 4 | G31: 0x0000
B32: =B31-1 -> 3 | G32: 0x0000
B33: =B32-1 -> 2 | G33: 0x0000
B34: =B33-1 -> 1 | D34: LED1 (when FLASHLEDS in reg_control=1) | G34: 0x0000
B35: =B34-1 -> 0 | D35: LED0 (when FLASHLEDS in reg_control=1) | G35: 0x0000
G36: QString qsNames[16] = {" | H36: ", " | I36: "};
D37: 1st | E37: 2nd | F37: total | G37: reg_status | H37: reg_status | I37: reg_intr_mask | J37: reg_gID | K37: reg_fw_version | L37: reg_mode_addr_wr | M37: reg_mode_addr_rd | N37: reg_control | O37: reg_sw_verison | P37: reg_8 | Q37: reg_9 | R37: reg_10 | S37: reg_11 | T37: Timestamp3_MSB | U37: Timestamp2 | V37: Timestamp1 | W37: Timestamp0_LSB
A38: Sync Data | B38: 150 | C38: 150 | D38: 157 | E38: 143 | F38: =E38+D38 -> 300 | G38: reg_intr_mask | H38: =CONCATENATE(G36,H37,H36,I37,H36,J37,H36,K37,H36,L37,H36,M37,H36,N37,H36,O37,H36,P37,H36,Q37,H36,R37,H36,S37,H36,T37,H36,U37,H36,V37,H36,W37,I36) -> QString qsNames[16] = {"reg_status", "reg_intr_mask", "reg_gID", "reg_fw_version", "reg_mode_addr_wr", "reg_mode_addr_rd", "reg_control", "reg_sw_verison", "reg_8", "reg_9", "reg_10", "reg_11", "Timestamp3_MSB", "Timestamp2", "Timestamp1", "Timestamp0_LSB"};
A39: Sync Cmd | B39: 150 | C39: 150 | D39: 221 | E39: 208 | F39: =E39+D39 -> 429 | G39: reg_gID
A40: One | B40: 50 | C40: 50 | D40: 43 | E40: 57 | F40: =E40+D40 -> 100 | G40: reg_fw_version
A41: Zero | B41: 50 | C41: 50 | F41: =E41+D41 -> 0 | G41: reg_mode_addr_wr
D42: CMD | F42: =E42+D42 -> #VALUE! | G42: reg_mode_addr_rd
D43: high | E43: low | G43: reg_control
D44: 148 | E44: 150 | F44: =E44+D44 -> 298 | G44: reg_sw_verison
D45: 213 | E45: 151 | F45: =E45+D45 -> 364 | G45: reg_8
D46: =364-151 -> 213 | E46: 151 | F46: =E46+D46 -> 364 | G46: reg_9
D47: =365-151 -> 214 | E47: 151 | F47: =E47+D47 -> 365 | G47: reg_10
F48: =E48+D48 -> 0 | G48: reg_11
D49: DATA | F49: =E49+D49 -> #VALUE! | G49: Timestamp3_MSB
D50: low | E50: high | G50: Timestamp2
D51: 156 | E51: 143 | F51: =E51+D51 -> 299 | G51: Timestamp1
D52: 157 | E52: 143 | F52: =E52+D52 -> 300 | G52: Timestamp0_LSB
D53: 157 | E53: 143 | F53: =E53+D53 -> 300
D54: 157 | E54: 143 | F54: =E54+D54 -> 300
F55: =E55+D55 -> 0
F56: =E56+D56 -> 0
F57: =E57+D57 -> 0
F58: =E58+D58 -> 0
F59: =E59+D59 -> 0

Sheet SerialProtocol
G1: 1 | H1: =G1+1 -> 2 | I1: =H1+1 -> 3 | J1: =I1+8 -> 11 | K1: =J1+2 -> 13 | L1: =K1+2 -> 15 | M1: =L1+1 -> 16 | N1: =DEC2HEX(N2,2) -> 15 | O1: =DEC2HEX(O2,2) -> 17 | P1: =DEC2HEX(P2,2) -> 19 | Q1: =DEC2HEX(Q2,2) -> 1B | R1: =DEC2HEX(R2,2) -> 1D | S1: =DEC2HEX(S2,2) -> 1F | T1: =DEC2HEX(T2,2) -> 21 | U1: =DEC2HEX(U2,2) -> 23 | ... AT1: =DEC2HEX(AT2,2) -> 54
D2: 0 | E2: =D2+1 -> 1 | F2: =E2+1 -> 2 | G2: =F2+1 -> 3 | H2: =G2+1 -> 4 | I2: =H2+1 -> 5 | J2: =I2+8 -> 13 | K2: =J2+2 -> 15 | L2: =K2+2 -> 17 | M2: =L2+2 -> 19 | N2: =M2+2 -> 21 | O2: =N2+2 -> 23 | P2: =O2+2 -> 25 | Q2: =P2+2 -> 27 | R2: =Q2+2 -> 29 | ... AS2: =AR2+2 -> 83 | AT2: =AS2+1 -> 84
A3: Msg ID | D3: SOM | E3: MSGID | F3: LEN | G3: SEQ | H3: BUS | I3: TIMESTAMP | J3: REG ADDR | K3: REG VALUE | L3: CMD | M3: DAT0 | N3: DAT1 | O3: DAT2 | P3: DAT3 | Q3: DAT4 | R3: DAT5 | S3: DAT6 | T3: DAT7 | U3: DAT8 | V3: DAT9 | W3: DAT10 | X3: DAT11 | Y3: DAT12 | Z3: DAT13 | AA3: DAT14 | AB3: DAT15 | AC3: DAT16 | AD3: DAT17 | AE3: DAT18 | AF3: DAT19 | AG3: DAT20 | AH3: DAT21 | AI3: DAT22 | AJ3: DAT23 | AK3: DAT24 | AL3: DAT25 | AM3: DAT26 | AN3: DAT27 | AO3: DAT28 | AP3: DAT29 | AQ3: DAT30 | AR3: DAT31 | AS3: CHK | AT3: EOM
A4: 0x01 | B4: HOST2MIL1553 | C4: Read a Register | D4: 0x7E | E4: =A4 -> 0x01 | F4: 14 | G4: 0-255 | H4: 0/1/2/3 | I4: 64bit time | J4: Addr to Read | K4: CHK | L4: EOM
A5: 0x11 | B5: MIL15532HOST | C5: Reply to Read register | D5: 0x7E | E5: =A5 -> 0x11 | F5: 16 | G5: 0-255 | H5: 0/1/2/3 | I5: 64bit time | J5: Addr Read | K5: Data Read | L5: CHK | M5: EOM
A6: 0x02 | B6: HOST2MIL1553 | C6: Write a Register | D6: 0x7E | E6: =A6 -> 0x02 | F6: 16 | G6: 0-255 | H6: 0/1/2/3 | I6: 64bit time | J6: Addr to Write | K6: Data 2 Write | L6: CHK | M6: EOM
A7: 0x12 | B7: MIL15532HOST | C7: Reply to Write register | D7: 0x7E | E7: =A7 -> 0x12 | F7: 16 | G7: 0-255 | H7: 0/1/2/3 | I7: 64bit time | J7: Written Addr | K7: Data Written | L7: CHK | M7: EOM
A8: 0x03 | B8: HOST2MIL1553 | C8: Read Receive Buffer | D8: 0x7E | E8: =A8 -> 0x03 | F8: 16 | G8: 0-255 | H8: 1/2 | I8: 64bit time | J8: Buff Addr to Read | K8: Rd Num Words | L8: CHK | M8: EOM
A9: 0x13 | B9: MIL15532HOST | C9: Reply to Read Receive Buffer | D9: 0x7E | E9: =A9 -> 0x13 | F9: 18 >> | G9: 0-255 | H9: 1/2 | I9: 64bit time | J9: Buf Addr Read | K9: Rd Num Words | L9: CMD/STAT | M9: Dat 0 | N9: Dat 1 | O9: Dat 2 | P9: Dat 3 | Q9: Dat 4 | R9: Dat 5 | S9: Dat 6 | T9: Dat 7 | U9: Dat 8 | V9: Dat 9 | W9: Dat 10 | X9: Dat 11 | Y9: Dat 12 | Z9: Dat 13 | AA9: Dat 14 | AB9: Dat 15 | AC9: Dat 16 | AD9: Dat 17 | AE9: Dat 18 | AF9: Dat 19 | AG9: Dat 20 | AH9: Dat 21 | AI9: Dat 22 | AJ9: Dat 23 | AK9: Dat 24 | AL9: Dat 25 | AM9: Dat 26 | AN9: Dat 27 | AO9: Dat 28 | AP9: Dat 29 | AQ9: Dat 30 | AR9: Dat 31 | AS9: CHK | AT9: EOM
A10: 0x04 | B10: HOST2MIL1553 | C10: Write to Transmit Buffer | D10: 0x7E | E10: =A10 -> 0x04 | F10: 18>> | G10: 0-255 | H10: 1/2 | I10: 64bit time | J10: Buf Addr to Write | K10: Wr Num Words | L10: CMD/STAT | M10: Dat 0 | N10: Dat 1 | O10: Dat 2 | P10: Dat 3 | Q10: Dat 4 | R10: Dat 5 | S10: Dat 6 | T10: Dat 7 | U10: Dat 8 | V10: Dat 9 | W10: Dat 10 | X10: Dat 11 | Y10: Dat 12 | Z10: Dat 13 | AA10: Dat 14 | AB10: Dat 15 | AC10: Dat 16 | AD10: Dat 17 | AE10: Dat 18 | AF10: Dat 19 | AG10: Dat 20 | AH10: Dat 21 | AI10: Dat 22 | AJ10: Dat 23 | AK10: Dat 24 | AL10: Dat 25 | AM10: Dat 26 | AN10: Dat 27 | AO10: Dat 28 | AP10: Dat 29 | AQ10: Dat 30 | AR10: Dat 31 | AS10: CHK | AT10: EOM
A11: 0x14 | B11: MIL15532HOST | C11: Reply to Write Transmit Buffer | D11: 0x7E | E11: =A11 -> 0x14 | F11: 18>> | G11: 0-255 | H11: 1/2 | I11: 64bit time | J11: Buf Addr Written | K11: Wr Num Words | L11: CMD/STAT | M11: Dat 0 | N11: Dat 1 | O11: Dat 2 | P11: Dat 3 | Q11: Dat 4 | R11: Dat 5 | S11: Dat 6 | T11: Dat 7 | U11: Dat 8 | V11: Dat 9 | W11: Dat 10 | X11: Dat 11 | Y11: Dat 12 | Z11: Dat 13 | AA11: Dat 14 | AB11: Dat 15 | AC11: Dat 16 | AD11: Dat 17 | AE11: Dat 18 | AF11: Dat 19 | AG11: Dat 20 | AH11: Dat 21 | AI11: Dat 22 | AJ11: Dat 23 | AK11: Dat 24 | AL11: Dat 25 | AM11: Dat 26 | AN11: Dat 27 | AO11: Dat 28 | AP11: Dat 29 | AQ11: Dat 30 | AR11: Dat 31 | AS11: CHK | AT11: EOM
A12: 0x05 | B12: HOST2MIL1553 | C12: Write a MIL1553 Register | D12: 0x7E | E12: =A12 -> 0x05 | F12: 16 | G12: 0-255 | H12: 1/2 | I12: 64bit time | J12: Addr to Write | K12: Data 2 Write | L12: CHK | M12: EOM
A13: 0x15 | B13: MIL15532HOST | C13: Reply to Write MIL1553 register | D13: 0x7E | E13: =A13 -> 0x15 | F13: 16 | G13: 0-255 | H13: 1/2 | I13: 64bit time | J13: Written Addr | K13: Data Written | L13: CHK | M13: EOM
L14: Len for numb Data words | N14: Words:
B15: SOM | C15: Always written as 0x7E | K15: Total | L15: LEN | M15: WORD | O15: END
B16: MSGID | C16: Message ID, MSB Nibble indicates direction 0 is to Converter, 1 is from converter | K16: =L16+3 -> 23 | L16: =16+N16+O16 -> 20 | M16: 1 | N16: =M16*2 -> 2 | O16: 2
B17: LEN | C17: Length of bytes, from SEQ to CHK excluding EOM
B18: SEQ | C18: Sequnece number running rom 0 to 255 and wrapping. Separate seqeunce numbers for transmit and receive
B19: BUS | C19: 0 = core general, 1 = core bus 1, 2 = core bus 2, 3 = converter registers
B20: TIMESTAMP | C20: Computer unix time when sending message, Converter does not use it. Converter timestamp on return message
B21: REG ADDR | C21: Register address when writing to a registers
B22: REG VALUE | C22: Register value when writing to a register
B23: CHK | C23: XOR Checksum of all bytes from MSGID to last data byte. Reset to 0x00 at start of message.
B24: EOM | C24: Always written as 0xE7
B25: CMD/STAT
B26: NUMWORDS | C26: Number of data words to follow. When register write this is set to 0
B27: Addr to Read | C27: Addres of register to read. When bus is 0, the default register address can be used, when 1 or 2, the LSB byte of register can be used to read the register for the relevant bus. Range is from 0x00 to 0x3F. Please note that there are reserved registers in this range.
B28: Addr Read | C28: Return the Addr that was read from.
B29: Addr to Write | C29: Addres of register to write. When bus is 0, the default register address can be used, when 1 or 2, the LSB byte of register can be used to read the register for the relevant bus. Range is from 0x00 to 0x3F. Please note that there are reserved registers in this range.
B30: Written Addr | C30: Return the addr of the register written
B31: Buff Addr to Read | C31: Address of buffer to read. Refer to MemMap sheet.
B32: Buf Addr Read | C32: Returns the buffer address read
B33: Buf Addr to Write | C33: Address of buffer to write. Refer to MemMap sheet.
B34: Buf Addr Written | C34: Returns the buffer address written
B35: Mode/Addr | C35: Sets the mode of the converter, the address lines and the enables for unsolicted message for certain events
B36: Stat/Mode/Addr | C36: Returns status and the mode of the converter, the address lines and the enables for unsolicted message for certain events
D38: Bit15 | E38: Bit14 | F38: Bit13 | J38: Bit11 | K38: Bit9 | M38: Bit7 | N38: Bit6 | O38: Bit5 | P38: Bit4 | Q38: Bit3 | R38: Bit2 | S38: Bit1 | T38: Bit0
C39: MODE/ADDR | D39: MON | E39: RT | F39: BC | J39: TX EMPTY | K39: 28V1 | M39: INT | N39: REL | O39: PAR | P39: ADR4 | Q39: ADR3 | R39: ADR2 | S39: ADR1 | T39: ADR0
C40: STATUS

Sheet Mode Commands
A1: TxnRx | B1: ModeMSB | C1: Mode | D1: Mode | F1: Addressed RT Response | G1: Broadcast response
A2: 0 | B2: 0 | C2: 0 | D2: 0 | E2: =DEC2HEX(C2,1) -> 0 | F2: NRP | G2: NRP
A3: 0 | B3: 0 | C3: =C2+1 -> 1 | D3: 0 | E3: =DEC2HEX(C3,1) -> 1 | F3: NRP | G3: NRP
A4: 0 | B4: 0 | C4: =C3+1 -> 2 | D4: 0 | E4: =DEC2HEX(C4,1) -> 2 | F4: NRP | G4: NRP
A5: 0 | B5: 0 | C5: =C4+1 -> 3 | D5: 0 | E5: =DEC2HEX(C5,1) -> 3 | F5: NRP | G5: NRP
A6: 0 | B6: 0 | C6: =C5+1 -> 4 | D6: 0 | E6: =DEC2HEX(C6,1) -> 4 | F6: NRP | G6: NRP
A7: 0 | B7: 0 | C7: =C6+1 -> 5 | D7: 0 | E7: =DEC2HEX(C7,1) -> 5 | F7: NRP | G7: NRP
A8: 0 | B8: 0 | C8: =C7+1 -> 6 | D8: 0 | E8: =DEC2HEX(C8,1) -> 6 | F8: NRP | G8: NRP
A9: 0 | B9: 0 | C9: =C8+1 -> 7 | D9: 0 | E9: =DEC2HEX(C9,1) -> 7 | F9: NRP | G9: NRP
A10: 0 | B10: 0 | C10: =C9+1 -> 8 | D10: 0 | E10: =DEC2HEX(C10,1) -> 8 | F10: NRP | G10: NRP
A11: 0 | B11: 0 | C11: =C10+1 -> 9 | D11: 0 | E11: =DEC2HEX(C11,1) -> 9 | F11: NRP | G11: NRP
A12: 0 | B12: 0 | C12: =C11+1 -> 10 | D12: 0 | E12: =DEC2HEX(C12,1) -> A | F12: NRP | G12: NRP
A13: 0 | B13: 0 | C13: =C12+1 -> 11 | D13: 0 | E13: =DEC2HEX(C13,1) -> B | F13: NRP | G13: NRP
A14: 0 | B14: 0 | C14: =C13+1 -> 12 | D14: 0 | E14: =DEC2HEX(C14,1) -> C | F14: NRP | G14: NRP
... A17: 0 | B17: 0 | C17: =C16+1 -> 15 | D17: 0 | E17: =DEC2HEX(C17,1) -> F | F17: NRP | G17: NRP
A18: 0 | B18: 1 | C18: 0 | D18: 1 | E18: =DEC2HEX(C18,1) -> 0 | F18: NRP | G18: NRP
A19: 0 | B19: 1 | C19: =C18+1 -> 1 | D19: 1 | E19: =DEC2HEX(C19,1) -> 1 | F19: Synchronize | G19: Synchronize
A20: 0 | B20: 1 | C20: =C19+1 -> 2 | D20: 1 | E20: =DEC2HEX(C20,1) -> 2 | F20: NRP | G20: NRP
A21: 0 | B21: 1 | C21: =C20+1 -> 3 | D21: 1 | E21: =DEC2HEX(C21,1) -> 3 | F21: NRP | G21: NRP
A22: 0 | B22: 1 | C22: =C21+1 -> 4 | D22: 1 | E22: =DEC2HEX(C22,1) -> 4 | F22: Selected transmitter shutdown | G22: Selected transmitter shutdown
A23: 0 | B23: 1 | C23: =C22+1 -> 5 | D23: 1 | E23: =DEC2HEX(C23,1) -> 5 | F23: Override selected transmitter shutdown | G23: Override selected transmitter shutdown
A24: 0 | B24: 1 | C24: =C23+1 -> 6 | D24: 1 | E24: =DEC2HEX(C24,1) -> 6 | F24: NRP | G24: NRP
A25: 0 | B25: 1 | C25: =C24+1 -> 7 | D25: 1 | E25: =DEC2HEX(C25,1) -> 7 | F25: NRP | G25: NRP
A26: 0 | B26: 1 | C26: =C25+1 -> 8 | D26: 1 | E26: =DEC2HEX(C26,1) -> 8 | F26: NRP | G26: NRP
A27: 0 | B27: 1 | C27: =C26+1 -> 9 | D27: 1 | E27: =DEC2HEX(C27,1) -> 9 | F27: NRP | G27: NRP
A28: 0 | B28: 1 | C28: =C27+1 -> 10 | D28: 1 | E28: =DEC2HEX(C28,1) -> A | F28: NRP | G28: NRP
A29: 0 | B29: 1 | C29: =C28+1 -> 11 | D29: 1 | E29: =DEC2HEX(C29,1) -> B | F29: NRP | G29: NRP
A30: 0 | B30: 1 | C30: =C29+1 -> 12 | D30: 1 | E30: =DEC2HEX(C30,1) -> C | F30: NRP | G30: NRP
... A33: 0 | B33: 1 | C33: =C32+1 -> 15 | D33: 1 | E33: =DEC2HEX(C33,1) -> F | F33: NRP | G33: NRP
A34: 1 | B34: 0 | C34: 0 | D34: 0 | E34: =DEC2HEX(C34,1) -> 0 | F34: Dynamic Bus Control | G34: NRP
A35: 1 | B35: 0 | C35: =C34+1 -> 1 | D35: 0 | E35: =DEC2HEX(C35,1) -> 1 | F35: Synchronize | G35: Synchronize
A36: 1 | B36: 0 | C36: =C35+1 -> 2 | D36: 0 | E36: =DEC2HEX(C36,1) -> 2 | F36: Transmit status word | G36: NRP
A37: 1 | B37: 0 | C37: =C36+1 -> 3 | D37: 0 | E37: =DEC2HEX(C37,1) -> 3 | F37: Initiate Self test | G37: Initiate Self test
A38: 1 | B38: 0 | C38: =C37+1 -> 4 | D38: 0 | E38: =DEC2HEX(C38,1) -> 4 | F38: Transmitter shutdown | G38: Transmitter shutdown
A39: 1 | B39: 0 | C39: =C38+1 -> 5 | D39: 0 | E39: =DEC2HEX(C39,1) -> 5 | F39: Override transmitter shutdown | G39: Override transmitter shutdown
A40: 1 | B40: 0 | C40: =C39+1 -> 6 | D40: 0 | E40: =DEC2HEX(C40,1) -> 6 | F40: Inhibit Terminal flag | G40: Inhibit Terminal flag
A41: 1 | B41: 0 | C41: =C40+1 -> 7 | D41: 0 | E41: =DEC2HEX(C41,1) -> 7 | F41: Override inhibit terminal flag | G41: Override inhibit terminal flag
A42: 1 | B42: 0 | C42: =C41+1 -> 8 | D42: 0 | E42: =DEC2HEX(C42,1) -> 8 | F42: Reset Remote Terminal | G42: Reset Remote Terminal
A43: 1 | B43: 0 | C43: =C42+1 -> 9 | D43: 0 | E43: =DEC2HEX(C43,1) -> 9 | F43: NRP | G43: NRP
A44: 1 | B44: 0 | C44: =C43+1 -> 10 | D44: 0 | E44: =DEC2HEX(C44,1) -> A | F44: NRP | G44: NRP
A45: 1 | B45: 0 | C45: =C44+1 -> 11 | D45: 0 | E45: =DEC2HEX(C45,1) -> B | F45: NRP | G45: NRP
A46: 1 | B46: 0 | C46: =C45+1 -> 12 | D46: 0 | E46: =DEC2HEX(C46,1) -> C | F46: NRP | G46: NRP
... A49: 1 | B49: 0 | C49: =C48+1 -> 15 | D49: 0 | E49: =DEC2HEX(C49,1) -> F | F49: NRP | G49: NRP
A50: 1 | B50: 1 | C50: 0 | D50: 1 | E50: =DEC2HEX(C50,1) -> 0 | F50: Transmit service vector | G50: NRP
A51: 1 | B51: 1 | C51: =C50+1 -> 1 | D51: 1 | E51: =DEC2HEX(C51,1) -> 1 | F51: NRP | G51: NRP
A52: 1 | B52: 1 | C52: =C51+1 -> 2 | D52: 1 | E52: =DEC2HEX(C52,1) -> 2 | F52: Transmit last command | G52: NRP
A53: 1 | B53: 1 | C53: =C52+1 -> 3 | D53: 1 | E53: =DEC2HEX(C53,1) -> 3 | F53: Transmit BIT | G53: NRP
A54: 1 | B54: 1 | C54: =C53+1 -> 4 | D54: 1 | E54: =DEC2HEX(C54,1) -> 4 | F54: NRP | G54: NRP
A55: 1 | B55: 1 | C55: =C54+1 -> 5 | D55: 1 | E55: =DEC2HEX(C55,1) -> 5 | F55: NRP | G55: NRP
A56: 1 | B56: 1 | C56: =C55+1 -> 6 | D56: 1 | E56: =DEC2HEX(C56,1) -> 6 | F56: NRP | G56: NRP
A57: 1 | B57: 1 | C57: =C56+1 -> 7 | D57: 1 | E57: =DEC2HEX(C57,1) -> 7 | F57: NRP | G57: NRP
A58: 1 | B58: 1 | C58: =C57+1 -> 8 | D58: 1 | E58: =DEC2HEX(C58,1) -> 8 | F58: NRP | G58: NRP
A59: 1 | B59: 1 | C59: =C58+1 -> 9 | D59: 1 | E59: =DEC2HEX(C59,1) -> 9 | F59: NRP | G59: NRP
A60: 1 | B60: 1 | C60: =C59+1 -> 10 | D60: 1 | E60: =DEC2HEX(C60,1) -> A | F60: NRP | G60: NRP
A61: 1 | B61: 1 | C61: =C60+1 -> 11 | D61: 1 | E61: =DEC2HEX(C61,1) -> B | F61: NRP | G61: NRP
A62: 1 | B62: 1 | C62: =C61+1 -> 12 | D62: 1 | E62: =DEC2HEX(C62,1) -> C | F62: NRP | G62: NRP
... A65: 1 | B65: 1 | C65: =C64+1 -> 15 | D65: 1 | E65: =DEC2HEX(C65,1) -> F | F65: NRP | G65: NRP

Sheet MemoryMap
A2: 0 | B2: =CONCATENATE("0x",DEC2HEX(A2,4)) -> 0x0000 | C2: Start | D2: Registers | E2: Common registers | O2: =C2 -> Start | P2: =C3 -> End | Q2: Size | R2: Function
A3: 15 | B3: =CONCATENATE("0x",DEC2HEX(A3,4)) -> 0x000F | C3: End | D3: Registers | O3: =B2 -> 0x0000 | P3: =B3 -> 0x000F | Q3: =A3-A2+1 -> 16 | R3: =E2 -> Common registers
A4: 16 | B4: =CONCATENATE("0x",DEC2HEX(A4,4)) -> 0x0010 | C4: Start | D4: Registers | E4: Bus1 Registers | O4: =B4 -> 0x0010 | P4: =B5 -> 0x001F | Q4: =A5-A4+1 -> 16 | R4: =E4 -> Bus1 Registers
A5: 31 | B5: =CONCATENATE("0x",DEC2HEX(A5,4)) -> 0x001F | C5: End | D5: Registers | O5: =B6 -> 0x0020 | P5: =B7 -> 0x002F | Q5: =A7-A6+1 -> 16 | R5: =E6 -> Bus2 Registers
A6: 32 | B6: =CONCATENATE("0x",DEC2HEX(A6,4)) -> 0x0020 | C6: Start | D6: Registers | E6: Bus2 Registers | O6: =B8 -> 0x0030 | P6: =B9 -> 0x003F | Q6: =A9-A8+1 -> 16 | R6: =E8 -> Common registers
A7: 47 | B7: =CONCATENATE("0x",DEC2HEX(A7,4)) -> 0x002F | C7: End | D7: Registers | O7: 0x0040 | P7: 0x03FF | Q7: =A11-A9-1 -> 960 | R7: Reserved
A8: 48 | B8: =CONCATENATE("0x",DEC2HEX(A8,4)) -> 0x0030 | C8: Start | D8: Registers | E8: Common registers | O8: 0x0400 | P8: 0x07FF | Q8: 1024 | R8: Transmit RAM
A9: 63 | B9: =CONCATENATE("0x",DEC2HEX(A9,4)) -> 0x003F | C9: End | D9: Registers | O9: 0x0800 | P9: 0x0BFF | Q9: 1024 | R9: Receive RAM
A11: 1024 | B11: =CONCATENATE("0x",DEC2HEX(A11,4)) -> 0x0400 | C11: Start | D11: Tx RAM | E11: CmdProcRAM | G11: =A74+1 -> 2048 | H11: =CONCATENATE("0x",DEC2HEX(G11,4)) -> 0x0800 | I11: Start | J11: Rx RAM | K11: Not used
A12: =A11+31 -> 1055 | B12: =CONCATENATE("0x",DEC2HEX(A12,4)) -> 0x041F | C12: End | D12: Tx RAM | G12: =G11+31 -> 2079 | H12: =CONCATENATE("0x",DEC2HEX(G12,4)) -> 0x081F | I12: End | J12: Rx RAM
A13: =A12+1 -> 1056 | B13: =CONCATENATE("0x",DEC2HEX(A13,4)) -> 0x0420 | C13: Start | D13: Tx RAM | E13: SubAddr1 | G13: =G12+1 -> 2080 | H13: =CONCATENATE("0x",DEC2HEX(G13,4)) -> 0x0820 | I13: Start | J13: Rx RAM | K13: SubAddr1
A14: =A13+31 -> 1087 | B14: =CONCATENATE("0x",DEC2HEX(A14,4)) -> 0x043F | C14: End | D14: Tx RAM | G14: =G13+31 -> 2111 | H14: =CONCATENATE("0x",DEC2HEX(G14,4)) -> 0x083F | I14: End | J14: Rx RAM
A15: =A14+1 -> 1088 | B15: =CONCATENATE("0x",DEC2HEX(A15,4)) -> 0x0440 | C15: Start | D15: Tx RAM | E15: SubAddr2 | G15: =G14+1 -> 2112 | H15: =CONCATENATE("0x",DEC2HEX(G15,4)) -> 0x0840 | I15: Start | J15: Rx RAM | K15: SubAddr2
A16: =A15+31 -> 1119 | B16: =CONCATENATE("0x",DEC2HEX(A16,4)) -> 0x045F | C16: End | D16: Tx RAM | G16: =G15+31 -> 2143 | H16: =CONCATENATE("0x",DEC2HEX(G16,4)) -> 0x085F | I16: End | J16: Rx RAM
A17: =A16+1 -> 1120 | B17: =CONCATENATE("0x",DEC2HEX(A17,4)) -> 0x0460 | C17: Start | D17: Tx RAM | E17: SubAddr3 | G17: =G16+1 -> 2144 | H17: =CONCATENATE("0x",DEC2HEX(G17,4)) -> 0x0860 | I17: Start | J17: Rx RAM | K17: SubAddr3
A18: =A17+31 -> 1151 | B18: =CONCATENATE("0x",DEC2HEX(A18,4)) -> 0x047F | C18: End | D18: Tx RAM | G18: =G17+31 -> 2175 | H18: =CONCATENATE("0x",DEC2HEX(G18,4)) -> 0x087F | I18: End | J18: Rx RAM
A19: =A18+1 -> 1152 | B19: =CONCATENATE("0x",DEC2HEX(A19,4)) -> 0x0480 | C19: Start | D19: Tx RAM | E19: SubAddr4 | G19: =G18+1 -> 2176 | H19: =CONCATENATE("0x",DEC2HEX(G19,4)) -> 0x0880 | I19: Start | J19: Rx RAM | K19: SubAddr4
A20: =A19+31 -> 1183 | B20: =CONCATENATE("0x",DEC2HEX(A20,4)) -> 0x049F | C20: End | D20: Tx RAM | G20: =G19+31 -> 2207 | H20: =CONCATENATE("0x",DEC2HEX(G20,4)) -> 0x089F | I20: End | J20: Rx RAM
A21: =A20+1 -> 1184 | B21: =CONCATENATE("0x",DEC2HEX(A21,4)) -> 0x04A0 | C21: Start | D21: Tx RAM | E21: SubAddr5 | G21: =G20+1 -> 2208 | H21: =CONCATENATE("0x",DEC2HEX(G21,4)) -> 0x08A0 | I21: Start | J21: Rx RAM | K21: SubAddr5
A22: =A21+31 -> 1215 | B22: =CONCATENATE("0x",DEC2HEX(A22,4)) -> 0x04BF | C22: End | D22: Tx RAM | G22: =G21+31 -> 2239 | H22: =CONCATENATE("0x",DEC2HEX(G22,4)) -> 0x08BF | I22: End | J22: Rx RAM
A23: =A22+1 -> 1216 | B23: =CONCATENATE("0x",DEC2HEX(A23,4)) -> 0x04C0 | C23: Start | D23: Tx RAM | E23: SubAddr6 | G23: =G22+1 -> 2240 | H23: =CONCATENATE("0x",DEC2HEX(G23,4)) -> 0x08C0 | I23: Start | J23: Rx RAM | K23: SubAddr6
A24: =A23+31 -> 1247 | B24: =CONCATENATE("0x",DEC2HEX(A24,4)) -> 0x04DF | C24: End | D24: Tx RAM | G24: =G23+31 -> 2271 | H24: =CONCATENATE("0x",DEC2HEX(G24,4)) -> 0x08DF | I24: End | J24: Rx RAM
A25: =A24+1 -> 1248 | B25: =CONCATENATE("0x",DEC2HEX(A25,4)) -> 0x04E0 | C25: Start | D25: Tx RAM | E25: SubAddr7 | G25: =G24+1 -> 2272 | H25: =CONCATENATE("0x",DEC2HEX(G25,4)) -> 0x08E0 | I25: Start | J25: Rx RAM | K25: SubAddr7
A26: =A25+31 -> 1279 | B26: =CONCATENATE("0x",DEC2HEX(A26,4)) -> 0x04FF | C26: End | D26: Tx RAM | G26: =G25+31 -> 2303 | H26: =CONCATENATE("0x",DEC2HEX(G26,4)) -> 0x08FF | I26: End | J26: Rx RAM
A27: =A26+1 -> 1280 | B27: =CONCATENATE("0x",DEC2HEX(A27,4)) -> 0x0500 | C27: Start | D27: Tx RAM | E27: SubAddr8 | G27: =G26+1 -> 2304 | H27: =CONCATENATE("0x",DEC2HEX(G27,4)) -> 0x0900 | I27: Start | J27: Rx RAM | K27: SubAddr8
A28: =A27+31 -> 1311 | B28: =CONCATENATE("0x",DEC2HEX(A28,4)) -> 0x051F | C28: End | D28: Tx RAM | G28: =G27+31 -> 2335 | H28: =CONCATENATE("0x",DEC2HEX(G28,4)) -> 0x091F | I28: End | J28: Rx RAM
A29: =A28+1 -> 1312 | B29: =CONCATENATE("0x",DEC2HEX(A29,4)) -> 0x0520 | C29: Start | D29: Tx RAM | E29: SubAddr9 | G29: =G28+1 -> 2336 | H29: =CONCATENATE("0x",DEC2HEX(G29,4)) -> 0x0920 | I29: Start | J29: Rx RAM | K29: SubAddr9
A30: =A29+31 -> 1343 | B30: =CONCATENATE("0x",DEC2HEX(A30,4)) -> 0x053F | C30: End | D30: Tx RAM | G30: =G29+31 -> 2367 | H30: =CONCATENATE("0x",DEC2HEX(G30,4)) -> 0x093F | I30: End | J30: Rx RAM
A31: =A30+1 -> 1344 | B31: =CONCATENATE("0x",DEC2HEX(A31,4)) -> 0x0540 | C31: Start | D31: Tx RAM | E31: SubAddr10 | G31: =G30+1 -> 2368 | H31: =CONCATENATE("0x",DEC2HEX(G31,4)) -> 0x0940 | I31: Start | J31: Rx RAM | K31: SubAddr10
A32: =A31+31 -> 1375 | B32: =CONCATENATE("0x",DEC2HEX(A32,4)) -> 0x055F | C32: End | D32: Tx RAM | G32: =G31+31 -> 2399 | H32: =CONCATENATE("0x",DEC2HEX(G32,4)) -> 0x095F | I32: End | J32: Rx RAM
A33: =A32+1 -> 1376 | B33: =CONCATENATE("0x",DEC2HEX(A33,4)) -> 0x0560 | C33: Start | D33: Tx RAM | E33: SubAddr11 | G33: =G32+1 -> 2400 | H33: =CONCATENATE("0x",DEC2HEX(G33,4)) -> 0x0960 | I33: Start | J33: Rx RAM | K33: SubAddr11
A34: =A33+31 -> 1407 | B34: =CONCATENATE("0x",DEC2HEX(A34,4)) -> 0x057F | C34: End | D34: Tx RAM | G34: =G33+31 -> 2431 | H34: =CONCATENATE("0x",DEC2HEX(G34,4)) -> 0x097F | I34: End | J34: Rx RAM
A35: =A34+1 -> 1408 | B35: =CONCATENATE("0x",DEC2HEX(A35,4)) -> 0x0580 | C35: Start | D35: Tx RAM | E35: SubAddr12 | G35: =G34+1 -> 2432 | H35: =CONCATENATE("0x",DEC2HEX(G35,4)) -> 0x0980 | I35: Start | J35: Rx RAM | K35: SubAddr12
A36: =A35+31 -> 1439 | B36: =CONCATENATE("0x",DEC2HEX(A36,4)) -> 0x059F | C36: End | D36: Tx RAM | G36: =G35+31 -> 2463 | H36: =CONCATENATE("0x",DEC2HEX(G36,4)) -> 0x099F | I36: End | J36: Rx RAM
A37: =A36+1 -> 1440 | B37: =CONCATENATE("0x",DEC2HEX(A37,4)) -> 0x05A0 | C37: Start | D37: Tx RAM | E37: SubAddr13 | G37: =G36+1 -> 2464 | H37: =CONCATENATE("0x",DEC2HEX(G37,4)) -> 0x09A0 | I37: Start | J37: Rx RAM | K37: SubAddr13
A38: =A37+31 -> 1471 | B38: =CONCATENATE("0x",DEC2HEX(A38,4)) -> 0x05BF | C38: End | D38: Tx RAM | G38: =G37+31 -> 2495 | H38: =CONCATENATE("0x",DEC2HEX(G38,4)) -> 0x09BF | I38: End | J38: Rx RAM
A39: =A38+1 -> 1472 | B39: =CONCATENATE("0x",DEC2HEX(A39,4)) -> 0x05C0 | C39: Start | D39: Tx RAM | E39: SubAddr14 | G39: =G38+1 -> 2496 | H39: =CONCATENATE("0x",DEC2HEX(G39,4)) -> 0x09C0 | I39: Start | J39: Rx RAM | K39: SubAddr14
A40: =A39+31 -> 1503 | B40: =CONCATENATE("0x",DEC2HEX(A40,4)) -> 0x05DF | C40: End | D40: Tx RAM | G40: =G39+31 -> 2527 | H40: =CONCATENATE("0x",DEC2HEX(G40,4)) -> 0x09DF | I40: End | J40: Rx RAM
A41: =A40+1 -> 1504 | B41: =CONCATENATE("0x",DEC2HEX(A41,4)) -> 0x05E0 | C41: Start | D41: Tx RAM | E41: SubAddr15 | G41: =G40+1 -> 2528 | H41: =CONCATENATE("0x",DEC2HEX(G41,4)) -> 0x09E0 | I41: Start | J41: Rx RAM | K41: SubAddr15
A42: =A41+31 -> 1535 | B42: =CONCATENATE("0x",DEC2HEX(A42,4)) -> 0x05FF | C42: End | D42: Tx RAM | G42: =G41+31 -> 2559 | H42: =CONCATENATE("0x",DEC2HEX(G42,4)) -> 0x09FF | I42: End | J42: Rx RAM
A43: =A42+1 -> 1536 | B43: =CONCATENATE("0x",DEC2HEX(A43,4)) -> 0x0600 | C43: Start | D43: Tx RAM | E43: SubAddr16 | G43: =G42+1 -> 2560 | H43: =CONCATENATE("0x",DEC2HEX(G43,4)) -> 0x0A00 | I43: Start | J43: Rx RAM | K43: SubAddr16
A44: =A43+31 -> 1567 | B44: =CONCATENATE("0x",DEC2HEX(A44,4)) -> 0x061F | C44: End | D44: Tx RAM | G44: =G43+31 -> 2591 | H44: =CONCATENATE("0x",DEC2HEX(G44,4)) -> 0x0A1F | I44: End | J44: Rx RAM
A45: =A44+1 -> 1568 | B45: =CONCATENATE("0x",DEC2HEX(A45,4)) -> 0x0620 | C45: Start | D45: Tx RAM | E45: SubAddr17 | G45: =G44+1 -> 2592 | H45: =CONCATENATE("0x",DEC2HEX(G45,4)) -> 0x0A20 | I45: Start | J45: Rx RAM | K45: SubAddr17
A46: =A45+31 -> 1599 | B46: =CONCATENATE("0x",DEC2HEX(A46,4)) -> 0x063F | C46: End | D46: Tx RAM | G46: =G45+31 -> 2623 | H46: =CONCATENATE("0x",DEC2HEX(G46,4)) -> 0x0A3F | I46: End | J46: Rx RAM
A47: =A46+1 -> 1600 | B47: =CONCATENATE("0x",DEC2HEX(A47,4)) -> 0x0640 | C47: Start | D47: Tx RAM | E47: SubAddr18 | G47: =G46+1 -> 2624 | H47: =CONCATENATE("0x",DEC2HEX(G47,4)) -> 0x0A40 | I47: Start | J47: Rx RAM | K47: SubAddr18
A48: =A47+31 -> 1631 | B48: =CONCATENATE("0x",DEC2HEX(A48,4)) -> 0x065F | C48: End | D48: Tx RAM | G48: =G47+31 -> 2655 | H48: =CONCATENATE("0x",DEC2HEX(G48,4)) -> 0x0A5F | I48: End | J48: Rx RAM
A49: =A48+1 -> 1632 | B49: =CONCATENATE("0x",DEC2HEX(A49,4)) -> 0x0660 | C49: Start | D49: Tx RAM | E49: SubAddr19 | G49: =G48+1 -> 2656 | H49: =CONCATENATE("0x",DEC2HEX(G49,4)) -> 0x0A60 | I49: Start | J49: Rx RAM | K49: SubAddr19
A50: =A49+31 -> 1663 | B50: =CONCATENATE("0x",DEC2HEX(A50,4)) -> 0x067F | C50: End | D50: Tx RAM | G50: =G49+31 -> 2687 | H50: =CONCATENATE("0x",DEC2HEX(G50,4)) -> 0x0A7F | I50: End | J50: Rx RAM
A51: =A50+1 -> 1664 | B51: =CONCATENATE("0x",DEC2HEX(A51,4)) -> 0x0680 | C51: Start | D51: Tx RAM | E51: SubAddr20 | G51: =G50+1 -> 2688 | H51: =CONCATENATE("0x",DEC2HEX(G51,4)) -> 0x0A80 | I51: Start | J51: Rx RAM | K51: SubAddr20
A52: =A51+31 -> 1695 | B52: =CONCATENATE("0x",DEC2HEX(A52,4)) -> 0x069F | C52: End | D52: Tx RAM | G52: =G51+31 -> 2719 | H52: =CONCATENATE("0x",DEC2HEX(G52,4)) -> 0x0A9F | I52: End | J52: Rx RAM
A53: =A52+1 -> 1696 | B53: =CONCATENATE("0x",DEC2HEX(A53,4)) -> 0x06A0 | C53: Start | D53: Tx RAM | E53: SubAddr21 | G53: =G52+1 -> 2720 | H53: =CONCATENATE("0x",DEC2HEX(G53,4)) -> 0x0AA0 | I53: Start | J53: Rx RAM | K53: SubAddr21
A54: =A53+31 -> 1727 | B54: =CONCATENATE("0x",DEC2HEX(A54,4)) -> 0x06BF | C54: End | D54: Tx RAM | G54: =G53+31 -> 2751 | H54: =CONCATENATE("0x",DEC2HEX(G54,4)) -> 0x0ABF | I54: End | J54: Rx RAM
A55: =A54+1 -> 1728 | B55: =CONCATENATE("0x",DEC2HEX(A55,4)) -> 0x06C0 | C55: Start | D55: Tx RAM | E55: SubAddr22 | G55: =G54+1 -> 2752 | H55: =CONCATENATE("0x",DEC2HEX(G55,4)) -> 0x0AC0 | I55: Start | J55: Rx RAM | K55: SubAddr22
A56: =A55+31 -> 1759 | B56: =CONCATENATE("0x",DEC2HEX(A56,4)) -> 0x06DF | C56: End | D56: Tx RAM | G56: =G55+31 -> 2783 | H56: =CONCATENATE("0x",DEC2HEX(G56,4)) -> 0x0ADF | I56: End | J56: Rx RAM
A57: =A56+1 -> 1760 | B57: =CONCATENATE("0x",DEC2HEX(A57,4)) -> 0x06E0 | C57: Start | D57: Tx RAM | E57: SubAddr23 | G57: =G56+1 -> 2784 | H57: =CONCATENATE("0x",DEC2HEX(G57,4)) -> 0x0AE0 | I57: Start | J57: Rx RAM | K57: SubAddr23
A58: =A57+31 -> 1791 | B58: =CONCATENATE("0x",DEC2HEX(A58,4)) -> 0x06FF | C58: End | D58: Tx RAM | G58: =G57+31 -> 2815 | H58: =CONCATENATE("0x",DEC2HEX(G58,4)) -> 0x0AFF | I58: End | J58: Rx RAM
A59: =A58+1 -> 1792 | B59: =CONCATENATE("0x",DEC2HEX(A59,4)) -> 0x0700 | C59: Start | D59: Tx RAM | E59: SubAddr24 | G59: =G58+1 -> 2816 | H59: =CONCATENATE("0x",DEC2HEX(G59,4)) -> 0x0B00 | I59: Start | J59: Rx RAM | K59: SubAddr24
A60: =A59+31 -> 1823 | B60: =CONCATENATE("0x",DEC2HEX(A60,4)) -> 0x071F | C60: End | D60: Tx RAM | G60: =G59+31 -> 2847 | H60: =CONCATENATE("0x",DEC2HEX(G60,4)) -> 0x0B1F | I60: End | J60: Rx RAM
A61: =A60+1 -> 1824 | B61: =CONCATENATE("0x",DEC2HEX(A61,4)) -> 0x0720 | C61: Start | D61: Tx RAM | E61: SubAddr25 | G61: =G60+1 -> 2848 | H61: =CONCATENATE("0x",DEC2HEX(G61,4)) -> 0x0B20 | I61: Start | J61: Rx RAM | K61: SubAddr25
A62: =A61+31 -> 1855 | B62: =CONCATENATE("0x",DEC2HEX(A62,4)) -> 0x073F | C62: End | D62: Tx RAM | G62: =G61+31 -> 2879 | H62: =CONCATENATE("0x",DEC2HEX(G62,4)) -> 0x0B3F | I62: End | J62: Rx RAM
A63: =A62+1 -> 1856 | B63: =CONCATENATE("0x",DEC2HEX(A63,4)) -> 0x0740 | C63: Start | D63: Tx RAM | E63: SubAddr26 | G63: =G62+1 -> 2880 | H63: =CONCATENATE("0x",DEC2HEX(G63,4)) -> 0x0B40 | I63: Start | J63: Rx RAM | K63: SubAddr26
A64: =A63+31 -> 1887 | B64: =CONCATENATE("0x",DEC2HEX(A64,4)) -> 0x075F | C64: End | D64: Tx RAM | G64: =G63+31 -> 2911 | H64: =CONCATENATE("0x",DEC2HEX(G64,4)) -> 0x0B5F | I64: End | J64: Rx RAM
A65: =A64+1 -> 1888 | B65: =CONCATENATE("0x",DEC2HEX(A65,4)) -> 0x0760 | C65: Start | D65: Tx RAM | E65: SubAddr27 | G65: =G64+1 -> 2912 | H65: =CONCATENATE("0x",DEC2HEX(G65,4)) -> 0x0B60 | I65: Start | J65: Rx RAM | K65: SubAddr27
A66: =A65+31 -> 1919 | B66: =CONCATENATE("0x",DEC2HEX(A66,4)) -> 0x077F | C66: End | D66: Tx RAM | G66: =G65+31 -> 2943 | H66: =CONCATENATE("0x",DEC2HEX(G66,4)) -> 0x0B7F | I66: End | J66: Rx RAM
A67: =A66+1 -> 1920 | B67: =CONCATENATE("0x",DEC2HEX(A67,4)) -> 0x0780 | C67: Start | D67: Tx RAM | E67: SubAddr28 | G67: =G66+1 -> 2944 | H67: =CONCATENATE("0x",DEC2HEX(G67,4)) -> 0x0B80 | I67: Start | J67: Rx RAM | K67: SubAddr28
A68: =A67+31 -> 1951 | B68: =CONCATENATE("0x",DEC2HEX(A68,4)) -> 0x079F | C68: End | D68: Tx RAM | G68: =G67+31 -> 2975 | H68: =CONCATENATE("0x",DEC2HEX(G68,4)) -> 0x0B9F | I68: End | J68: Rx RAM
A69: =A68+1 -> 1952 | B69: =CONCATENATE("0x",DEC2HEX(A69,4)) -> 0x07A0 | C69: Start | D69: Tx RAM | E69: SubAddr29 | G69: =G68+1 -> 2976 | H69: =CONCATENATE("0x",DEC2HEX(G69,4)) -> 0x0BA0 | I69: Start | J69: Rx RAM | K69: SubAddr29
A70: =A69+31 -> 1983 | B70: =CONCATENATE("0x",DEC2HEX(A70,4)) -> 0x07BF | C70: End | D70: Tx RAM | G70: =G69+31 -> 3007 | H70: =CONCATENATE("0x",DEC2HEX(G70,4)) -> 0x0BBF | I70: End | J70: Rx RAM
A71: =A70+1 -> 1984 | B71: =CONCATENATE("0x",DEC2HEX(A71,4)) -> 0x07C0 | C71: Start | D71: Tx RAM | E71: SubAddr30 | G71: =G70+1 -> 3008 | H71: =CONCATENATE("0x",DEC2HEX(G71,4)) -> 0x0BC0 | I71: Start | J71: Rx RAM | K71: SubAddr30
A72: =A71+31 -> 2015 | B72: =CONCATENATE("0x",DEC2HEX(A72,4)) -> 0x07DF | C72: End | D72: Tx RAM | G72: =G71+31 -> 3039 | H72: =CONCATENATE("0x",DEC2HEX(G72,4)) -> 0x0BDF | I72: End | J72: Rx RAM
A73: =A72+1 -> 2016 | B73: =CONCATENATE("0x",DEC2HEX(A73,4)) -> 0x07E0 | C73: Start | D73: Tx RAM | E73: MODE Data | G73: =G72+1 -> 3040 | H73: =CONCATENATE("0x",DEC2HEX(G73,4)) -> 0x0BE0 | I73: Start | J73: Rx RAM | K73: MODE Data
A74: =A73+31 -> 2047 | B74: =CONCATENATE("0x",DEC2HEX(A74,4)) -> 0x07FF | C74: End | D74: Tx RAM | G74: =G73+31 -> 3071 | H74: =CONCATENATE("0x",DEC2HEX(G74,4)) -> 0x0BFF | I74: End | J74: Rx RAM

Sheet MemMap
A1: Transmit Buffers
A2: Start | B2: End | C2: Size | D2: Function
A3: =MemoryMap!B11 -> 0x0400 | B3: =MemoryMap!B12 -> 0x041F | C3: 32 | D3: =MemoryMap!E11 -> CmdProcRAM
A4: =MemoryMap!B13 -> 0x0420 | B4: =MemoryMap!B14 -> 0x043F | C4: 32 | D4: =MemoryMap!E13 -> SubAddr1
A5: =MemoryMap!B15 -> 0x0440 | B5: =MemoryMap!B16 -> 0x045F | C5: 32 | D5: =MemoryMap!E15 -> SubAddr2
A6: =MemoryMap!B17 -> 0x0460 | B6: =MemoryMap!B18 -> 0x047F | C6: 32 | D6: =MemoryMap!E17 -> SubAddr3
A7: =MemoryMap!B19 -> 0x0480 | B7: =MemoryMap!B20 -> 0x049F | C7: 32 | D7: =MemoryMap!E19 -> SubAddr4
A8: =MemoryMap!B21 -> 0x04A0 | B8: =MemoryMap!B22 -> 0x04BF | C8: 32 | D8: =MemoryMap!E21 -> SubAddr5
A9: =MemoryMap!B23 -> 0x04C0 | B9: =MemoryMap!B24 -> 0x04DF | C9: 32 | D9: =MemoryMap!E23 -> SubAddr6
A10: =MemoryMap!B25 -> 0x04E0 | B10: =MemoryMap!B26 -> 0x04FF | C10: 32 | D10: =MemoryMap!E25 -> SubAddr7
A11: =MemoryMap!B27 -> 0x0500 | B11: =MemoryMap!B28 -> 0x051F | C11: 32 | D11: =MemoryMap!E27 -> SubAddr8
A12: =MemoryMap!B29 -> 0x0520 | B12: =MemoryMap!B30 -> 0x053F | C12: 32 | D12: =MemoryMap!E29 -> SubAddr9
A13: =MemoryMap!B31 -> 0x0540 | B13: =MemoryMap!B32 -> 0x055F | C13: 32 | D13: =MemoryMap!E31 -> SubAddr10
A14: =MemoryMap!B33 -> 0x0560 | B14: =MemoryMap!B34 -> 0x057F | C14: 32 | D14: =MemoryMap!E33 -> SubAddr11
A15: =MemoryMap!B35 -> 0x0580 | B15: =MemoryMap!B36 -> 0x059F | C15: 32 | D15: =MemoryMap!E35 -> SubAddr12
A16: =MemoryMap!B37 -> 0x05A0 | B16: =MemoryMap!B38 -> 0x05BF | C16: 32 | D16: =MemoryMap!E37 -> SubAddr13
A17: =MemoryMap!B39 -> 0x05C0 | B17: =MemoryMap!B40 -> 0x05DF | C17: 32 | D17: =MemoryMap!E39 -> SubAddr14
A18: =MemoryMap!B41 -> 0x05E0 | B18: =MemoryMap!B42 -> 0x05FF | C18: 32 | D18: =MemoryMap!E41 -> SubAddr15
A19: =MemoryMap!B43 -> 0x0600 | B19: =MemoryMap!B44 -> 0x061F | C19: 32 | D19: =MemoryMap!E43 -> SubAddr16
A20: =MemoryMap!B45 -> 0x0620 | B20: =MemoryMap!B46 -> 0x063F | C20: 32 | D20: =MemoryMap!E45 -> SubAddr17
A21: =MemoryMap!B47 -> 0x0640 | B21: =MemoryMap!B48 -> 0x065F | C21: 32 | D21: =MemoryMap!E47 -> SubAddr18
A22: =MemoryMap!B49 -> 0x0660 | B22: =MemoryMap!B50 -> 0x067F | C22: 32 | D22: =MemoryMap!E49 -> SubAddr19
A23: =MemoryMap!B51 -> 0x0680 | B23: =MemoryMap!B52 -> 0x069F | C23: 32 | D23: =MemoryMap!E51 -> SubAddr20
A24: =MemoryMap!B53 -> 0x06A0 | B24: =MemoryMap!B54 -> 0x06BF | C24: 32 | D24: =MemoryMap!E53 -> SubAddr21
A25: =MemoryMap!B55 -> 0x06C0 | B25: =MemoryMap!B56 -> 0x06DF | C25: 32 | D25: =MemoryMap!E55 -> SubAddr22
A26: =MemoryMap!B57 -> 0x06E0 | B26: =MemoryMap!B58 -> 0x06FF | C26: 32 | D26: =MemoryMap!E57 -> SubAddr23
A27: =MemoryMap!B59 -> 0x0700 | B27: =MemoryMap!B60 -> 0x071F | C27: 32 | D27: =MemoryMap!E59 -> SubAddr24
A28: =MemoryMap!B61 -> 0x0720 | B28: =MemoryMap!B62 -> 0x073F | C28: 32 | D28: =MemoryMap!E61 -> SubAddr25
A29: =MemoryMap!B63 -> 0x0740 | B29: =MemoryMap!B64 -> 0x075F | C29: 32 | D29: =MemoryMap!E63 -> SubAddr26
A30: =MemoryMap!B65 -> 0x0760 | B30: =MemoryMap!B66 -> 0x077F | C30: 32 | D30: =MemoryMap!E65 -> SubAddr27
A31: =MemoryMap!B67 -> 0x0780 | B31: =MemoryMap!B68 -> 0x079F | C31: 32 | D31: =MemoryMap!E67 -> SubAddr28
A32: =MemoryMap!B69 -> 0x07A0 | B32: =MemoryMap!B70 -> 0x07BF | C32: 32 | D32: =MemoryMap!E69 -> SubAddr29
A33: =MemoryMap!B71 -> 0x07C0 | B33: =MemoryMap!B72 -> 0x07DF | C33: 32 | D33: =MemoryMap!E71 -> SubAddr30
A34: =MemoryMap!B73 -> 0x07E0 | B34: =MemoryMap!B74 -> 0x07FF | C34: 32 | D34: =MemoryMap!E73 -> MODE Data
A35: Receive Buffers
A36: Start | B36: End | C36: Size | D36: Function
A37: =MemoryMap!H11 -> 0x0800 | B37: =MemoryMap!H12 -> 0x081F | C37: =(MemoryMap!G12-MemoryMap!G11)+1 -> 32 | D37: =MemoryMap!K11 -> Not used
A38: =MemoryMap!H13 -> 0x0820 | B38: =MemoryMap!H14 -> 0x083F | C38: =(MemoryMap!G14-MemoryMap!G13)+1 -> 32 | D38: =MemoryMap!K13 -> SubAddr1
A39: =MemoryMap!H15 -> 0x0840 | B39: =MemoryMap!H16 -> 0x085F | C39: =(MemoryMap!G16-MemoryMap!G15)+1 -> 32 | D39: =MemoryMap!K15 -> SubAddr2
A40: =MemoryMap!H17 -> 0x0860 | B40: =MemoryMap!H18 -> 0x087F | C40: =(MemoryMap!G18-MemoryMap!G17)+1 -> 32 | D40: =MemoryMap!K17 -> SubAddr3
A41: =MemoryMap!H19 -> 0x0880 | B41: =MemoryMap!H20 -> 0x089F | C41: =(MemoryMap!G20-MemoryMap!G19)+1 -> 32 | D41: =MemoryMap!K19 -> SubAddr4
A42: =MemoryMap!H21 -> 0x08A0 | B42: =MemoryMap!H22 -> 0x08BF | C42: =(MemoryMap!G22-MemoryMap!G21)+1 -> 32 | D42: =MemoryMap!K21 -> SubAddr5
A43: =MemoryMap!H23 -> 0x08C0 | B43: =MemoryMap!H24 -> 0x08DF | C43: =(MemoryMap!G24-MemoryMap!G23)+1 -> 32 | D43: =MemoryMap!K23 -> SubAddr6
A44: =MemoryMap!H25 -> 0x08E0 | B44: =MemoryMap!H26 -> 0x08FF | C44: =(MemoryMap!G26-MemoryMap!G25)+1 -> 32 | D44: =MemoryMap!K25 -> SubAddr7
A45: =MemoryMap!H27 -> 0x0900 | B45: =MemoryMap!H28 -> 0x091F | C45: =(MemoryMap!G28-MemoryMap!G27)+1 -> 32 | D45: =MemoryMap!K27 -> SubAddr8
A46: =MemoryMap!H29 -> 0x0920 | B46: =MemoryMap!H30 -> 0x093F | C46: =(MemoryMap!G30-MemoryMap!G29)+1 -> 32 | D46: =MemoryMap!K29 -> SubAddr9
A47: =MemoryMap!H31 -> 0x0940 | B47: =MemoryMap!H32 -> 0x095F | C47: =(MemoryMap!G32-MemoryMap!G31)+1 -> 32 | D47: =MemoryMap!K31 -> SubAddr10
A48: =MemoryMap!H33 -> 0x0960 | B48: =MemoryMap!H34 -> 0x097F | C48: =(MemoryMap!G34-MemoryMap!G33)+1 -> 32 | D48: =MemoryMap!K33 -> SubAddr11
A49: =MemoryMap!H35 -> 0x0980 | B49: =MemoryMap!H36 -> 0x099F | C49: =(MemoryMap!G36-MemoryMap!G35)+1 -> 32 | D49: =MemoryMap!K35 -> SubAddr12
A50: =MemoryMap!H37 -> 0x09A0 | B50: =MemoryMap!H38 -> 0x09BF | C50: =(MemoryMap!G38-MemoryMap!G37)+1 -> 32 | D50: =MemoryMap!K37 -> SubAddr13
A51: =MemoryMap!H39 -> 0x09C0 | B51: =MemoryMap!H40 -> 0x09DF | C51: =(MemoryMap!G40-MemoryMap!G39)+1 -> 32 | D51: =MemoryMap!K39 -> SubAddr14
A52: =MemoryMap!H41 -> 0x09E0 | B52: =MemoryMap!H42 -> 0x09FF | C52: =(MemoryMap!G42-MemoryMap!G41)+1 -> 32 | D52: =MemoryMap!K41 -> SubAddr15
A53: =MemoryMap!H43 -> 0x0A00 | B53: =MemoryMap!H44 -> 0x0A1F | C53: =(MemoryMap!G44-MemoryMap!G43)+1 -> 32 | D53: =MemoryMap!K43 -> SubAddr16
A54: =MemoryMap!H45 -> 0x0A20 | B54: =MemoryMap!H46 -> 0x0A3F | C54: =(MemoryMap!G46-MemoryMap!G45)+1 -> 32 | D54: =MemoryMap!K45 -> SubAddr17
A55: =MemoryMap!H47 -> 0x0A40 | B55: =MemoryMap!H48 -> 0x0A5F | C55: =(MemoryMap!G48-MemoryMap!G47)+1 -> 32 | D55: =MemoryMap!K47 -> SubAddr18
A56: =MemoryMap!H49 -> 0x0A60 | B56: =MemoryMap!H50 -> 0x0A7F | C56: =(MemoryMap!G50-MemoryMap!G49)+1 -> 32 | D56: =MemoryMap!K49 -> SubAddr19
A57: =MemoryMap!H51 -> 0x0A80 | B57: =MemoryMap!H52 -> 0x0A9F | C57: =(MemoryMap!G52-MemoryMap!G51)+1 -> 32 | D57: =MemoryMap!K51 -> SubAddr20
A58: =MemoryMap!H53 -> 0x0AA0 | B58: =MemoryMap!H54 -> 0x0ABF | C58: =(MemoryMap!G54-MemoryMap!G53)+1 -> 32 | D58: =MemoryMap!K53 -> SubAddr21
A59: =MemoryMap!H55 -> 0x0AC0 | B59: =MemoryMap!H56 -> 0x0ADF | C59: =(MemoryMap!G56-MemoryMap!G55)+1 -> 32 | D59: =MemoryMap!K55 -> SubAddr22
A60: =MemoryMap!H57 -> 0x0AE0 | B60: =MemoryMap!H58 -> 0x0AFF | C60: =(MemoryMap!G58-MemoryMap!G57)+1 -> 32 | D60: =MemoryMap!K57 -> SubAddr23
A61: =MemoryMap!H59 -> 0x0B00 | B61: =MemoryMap!H60 -> 0x0B1F | C61: =(MemoryMap!G60-MemoryMap!G59)+1 -> 32 | D61: =MemoryMap!K59 -> SubAddr24
A62: =MemoryMap!H61 -> 0x0B20 | B62: =MemoryMap!H62 -> 0x0B3F | C62: =(MemoryMap!G62-MemoryMap!G61)+1 -> 32 | D62: =MemoryMap!K61 -> SubAddr25
A63: =MemoryMap!H63 -> 0x0B40 | B63: =MemoryMap!H64 -> 0x0B5F | C63: =(MemoryMap!G64-MemoryMap!G63)+1 -> 32 | D63: =MemoryMap!K63 -> SubAddr26
A64: =MemoryMap!H65 -> 0x0B60 | B64: =MemoryMap!H66 -> 0x0B7F | C64: =(MemoryMap!G66-MemoryMap!G65)+1 -> 32 | D64: =MemoryMap!K65 -> SubAddr27
A65: =MemoryMap!H67 -> 0x0B80 | B65: =MemoryMap!H68 -> 0x0B9F | C65: =(MemoryMap!G68-MemoryMap!G67)+1 -> 32 | D65: =MemoryMap!K67 -> SubAddr28
A66: =MemoryMap!H69 -> 0x0BA0 | B66: =MemoryMap!H70 -> 0x0BBF | C66: =(MemoryMap!G70-MemoryMap!G69)+1 -> 32 | D66: =MemoryMap!K69 -> SubAddr29
A67: =MemoryMap!H71 -> 0x0BC0 | B67: =MemoryMap!H72 -> 0x0BDF | C67: =(MemoryMap!G72-MemoryMap!G71)+1 -> 32 | D67: =MemoryMap!K71 -> SubAddr30
A68: =MemoryMap!H73 -> 0x0BE0 | B68: =MemoryMap!H74 -> 0x0BFF | C68: =(MemoryMap!G74-MemoryMap!G73)+1 -> 32 | D68: =MemoryMap!K73 -> MODE Data

Sheet TX RAM Allocation
A1: Notes:
A2: Each subaddress message can contain 32 bytes of data. | I2: 32
A3: There can be 30 sub addresses (when terminal bit not used) | I3: 30 | K3: 0 | L3: 0 | M3: 0 | N3: 0 | O3: 0 | P3: 0 | Q3: 0 | R3: 0 | S3: 0 | T3: 0 | U3: 0 | V3: 1 | W3: 0 | X3: 0 | Y3: 0 | Z3: 0 | AA3: 1 | AG3: =CONCATENATE(L3,M3,N3,O3,P3,Q3,R3,S3) -> 00000000 | AH3: =BIN2HEX(AG3,2) -> 00 | AI3: =BIN2HEX(CONCATENATE(T3,U3,V3,W3,X3,Y3,Z3,AA3),2) -> 21 | AK3: RT2RT
F4: Total RAM words | I4: =I3*I2 -> 960 | K4: 0 | L4: 0 | M4: 0 | N4: 0 | O4: 0 | P4: 1 | Q4: 0 | R4: 0 | S4: 0 | T4: 0 | U4: 0 | V4: 1 | W4: 0 | X4: 0 | Y4: 0 | Z4: 0 | AA4: 1 | AG4: =CONCATENATE(L4,M4,N4,O4,P4,Q4,R4,S4) -> 00001000 | AH4: =BIN2HEX(AG4,2) -> 08 | AI4: =BIN2HEX(CONCATENATE(T4,U4,V4,W4,X4,Y4,Z4,AA4),2) -> 21 | AK4: RT Addr
K5: 0 | L5: 0 | M5: 0 | N5: 1 | O5: 1 | P5: 0 | Q5: 0 | R5: 0 | S5: 0 | T5: 0 | U5: 0 | V5: 1 | W5: 0 | X5: 0 | Y5: 0 | Z5: 0 | AA5: 1 | AG5: =CONCATENATE(L5,M5,N5,O5,P5,Q5,R5,S5) -> 00110000 | AH5: =BIN2HEX(AG5,2) -> 30 | AI5: =BIN2HEX(CONCATENATE(T5,U5,V5,W5,X5,Y5,Z5,AA5),2) -> 21 | AK5: Transmit/Receive
C6: Test Data | K6: 0 | L6: 0 | M6: 0 | N6: 1 | O6: 1 | P6: 0 | Q6: 0 | R6: 0 | S6: 0 | T6: 0 | U6: 1 | V6: 0 | W6: 0 | X6: 1 | Y6: 1 | Z6: 1 | AA6: 1 | AG6: =CONCATENATE(L6,M6,N6,O6,P6,Q6,R6,S6) -> 00110000 | AH6: =BIN2HEX(AG6,2) -> 30 | AI6: =BIN2HEX(CONCATENATE(T6,U6,V6,W6,X6,Y6,Z6,AA6),2) -> 4F | AK6: SubAddr/Mode
A7: Addr | B7: Hex | E7: Description | K7: 0 | L7: 0 | M7: 0 | N7: 1 | O7: 1 | P7: 0 | Q7: 0 | R7: 0 | S7: 0 | T7: 0 | U7: 1 | V7: 1 | W7: 1 | X7: 1 | Y7: 1 | Z7: 1 | AA7: 1 | AG7: =CONCATENATE(L7,M7,N7,O7,P7,Q7,R7,S7) -> 00110000 | AH7: =BIN2HEX(AG7,2) -> 30 | AI7: =BIN2HEX(CONCATENATE(T7,U7,V7,W7,X7,Y7,Z7,AA7),2) -> 7F | AK7: DatawordCount/Mode Code
A8: 0 | B8: =CONCATENATE("0x",DEC2HEX(A8,3)) -> 0x000 | C8: =HEX2DEC(D8) -> 47167 | D8: B83F | E8: CmdProc0 | F8: RT TX | K8: 0 | L8: 0 | M8: 0 | N8: 1 | O8: 1 | P8: 0 | Q8: 0 | R8: 0 | S8: 0 | T8: 1 | U8: 0 | V8: 0 | W8: 0 | X8: 0 | Y8: 0 | Z8: 0 | AA8: 0 | AG8: =CONCATENATE(L8,M8,N8,O8,P8,Q8,R8,S8) -> 00110000 | AH8: =BIN2HEX(AG8,2) -> 30 | AI8: =BIN2HEX(CONCATENATE(T8,U8,V8,W8,X8,Y8,Z8,AA8),2) -> 80
A9: =A8+1 -> 1 | B9: =CONCATENATE("0x",DEC2HEX(A9,3)) -> 0x001 | C9: =HEX2DEC(D9) -> 48223 | D9: BC5F | E9: CmdProc1 | K9: 0 | L9: 1 | M9: 0 | N9: 0 | O9: 0 | P9: 1 | Q9: 0 | R9: 0 | S9: 0 | T9: 0 | U9: 0 | V9: 1 | W9: 0 | X9: 0 | Y9: 0 | Z9: 0 | AA9: 1 | AG9: =CONCATENATE(L9,M9,N9,O9,P9,Q9,R9,S9) -> 10001000 | AH9: =BIN2HEX(AG9,2) -> 88 | AI9: =BIN2HEX(CONCATENATE(T9,U9,V9,W9,X9,Y9,Z9,AA9),2) -> 21 | AJ9: Valid 1 byte transmit
A10: =A9+1 -> 2 | B10: =CONCATENATE("0x",DEC2HEX(A10,3)) -> 0x002 | C10: =HEX2DEC(D10) -> 112766 | D10: 1B87E | E10: CmdProc2 | K10: 0 | L10: 1 | M10: 0 | N10: 0 | O10: 0 | P10: 1 | Q10: 0 | R10: 0 | S10: 0 | T10: 0 | U10: 0 | V10: 1 | W10: 0 | X10: 0 | Y10: 0 | Z10: 0 | AA10: 1 | AG10: =CONCATENATE(L10,M10,N10,O10,P10,Q10,R10,S10) -> 10001000 | AH10: =BIN2HEX(AG10,2) -> 88 | AI10: =BIN2HEX(CONCATENATE(T10,U10,V10,W10,X10,Y10,Z10,AA10),2) -> 21 | AJ10: Valid 1 byte receive
A11: =A10+1 -> 3 | B11: =CONCATENATE("0x",DEC2HEX(A11,3)) -> 0x003 | C11: =HEX2DEC(D11) -> 51326 | D11: C87E | E11: CmdProc3 | K11: 1 | L11: 1 | M11: 0 | N11: 0 | O11: 0 | P11: 1 | Q11: 0 | R11: 0 | S11: 0 | T11: 0 | U11: 0 | V11: 1 | W11: 0 | X11: 0 | Y11: 0 | Z11: 0 | AA11: 1 | AG11: =CONCATENATE(L11,M11,N11,O11,P11,Q11,R11,S11) -> 10001000 | AH11: =BIN2HEX(AG11,2) -> 88 | AI11: =BIN2HEX(CONCATENATE(T11,U11,V11,W11,X11,Y11,Z11,AA11),2) -> 21 | AJ11: Valid RT2RT, RT1 to receive and RT2 to send (1)
A12: =A11+1 -> 4 | B12: =CONCATENATE("0x",DEC2HEX(A12,3)) -> 0x004 | C12: =HEX2DEC(D12) -> 48130 | D12: BC02 | E12: CmdProc4 | F12: RT RX | K12: 1 | L12: 1 | M12: 0 | N12: 0 | O12: 1 | P12: 0 | Q12: 1 | R12: 0 | S12: 0 | T12: 0 | U12: 0 | V12: 1 | W12: 0 | X12: 0 | Y12: 0 | Z12: 0 | AA12: 1 | AG12: =CONCATENATE(L12,M12,N12,O12,P12,Q12,R12,S12) -> 10010100 | AH12: =BIN2HEX(AG12,2) -> 94 | AI12: =BIN2HEX(CONCATENATE(T12,U12,V12,W12,X12,Y12,Z12,AA12),2) -> 21 | AJ12: Valid RT2RT, RT1 to receive and RT2 to send (2)
A13: =A12+1 -> 5 | B13: =CONCATENATE("0x",DEC2HEX(A13,3)) -> 0x005 | C13: =HEX2DEC(D13) -> 48129 | D13: BC01 | E13: CmdProc5 | K13: 0 | L13: 1 | M13: 0 | N13: 0 | O13: 0 | P13: 1 | Q13: 1 | R13: 0 | S13: 0 | T13: 0 | U13: 0 | V13: 0 | W13: 0 | X13: 0 | Y13: 0 | Z13: 0 | AA13: 1 | AG13: =CONCATENATE(L13,M13,N13,O13,P13,Q13,R13,S13) -> 10001100 | AH13: =BIN2HEX(AG13,2) -> 8C | AI13: =BIN2HEX(CONCATENATE(T13,U13,V13,W13,X13,Y13,Z13,AA13),2) -> 01 | AJ13: Valid mode command, synchronise
A14: =A13+1 -> 6 | B14: =CONCATENATE("0x",DEC2HEX(A14,3)) -> 0x006 | C14: =HEX2DEC(D14) -> 48144 | D14: BC10 | E14: CmdProc6 | K14: 0 | L14: 1 | M14: 0 | N14: 1 | O14: 1 | P14: 1 | Q14: 0 | R14: 0 | S14: 0 | T14: 0 | U14: 0 | V14: 1 | W14: 0 | X14: 0 | Y14: 0 | Z14: 0 | AA14: 0 | AG14: =CONCATENATE(L14,M14,N14,O14,P14,Q14,R14,S14) -> 10111000 | AH14: =BIN2HEX(AG14,2) -> B8 | AI14: =BIN2HEX(CONCATENATE(T14,U14,V14,W14,X14,Y14,Z14,AA14),2) -> 20
A15: =A14+1 -> 7 | B15: =CONCATENATE("0x",DEC2HEX(A15,3)) -> 0x007 | C15: =HEX2DEC(D15) -> 48148 | D15: BC14 | E15: CmdProc7 | K15: 0 | L15: 1 | M15: 0 | N15: 1 | O15: 1 | P15: 1 | Q15: 0 | R15: 0 | S15: 0 | T15: 0 | U15: 0 | V15: 1 | W15: 0 | X15: 0 | Y15: 0 | Z15: 0 | AA15: 0 | AG15: =CONCATENATE(L15,M15,N15,O15,P15,Q15,R15,S15) -> 10111000 | AH15: =BIN2HEX(AG15,2) -> B8 | AI15: =BIN2HEX(CONCATENATE(T15,U15,V15,W15,X15,Y15,Z15,AA15),2) -> 20
A16: =A15+1 -> 8 | B16: =CONCATENATE("0x",DEC2HEX(A16,3)) -> 0x008 | C16: 0 | D16: =DEC2HEX(C16,5) -> 00000 | E16: CmdProc8 | AG16: =CONCATENATE(L16,M16,N16,O16,P16,Q16,R16,S16) | AH16: =BIN2HEX(AG16,2) -> 00 | AI16: =BIN2HEX(CONCATENATE(T16,U16,V16,W16,X16,Y16,Z16,AA16),2) -> 00
A17: =A16+1 -> 9 | B17: =CONCATENATE("0x",DEC2HEX(A17,3)) -> 0x009 | C17: 0 | D17: =DEC2HEX(C17,5) -> 00000 | E17: CmdProc9 | F17: RT RX | K17: 0 | L17: 1 | M17: 0 | N17: 0 | O17: 0 | P17: 1 | Q17: 1 | R17: 0 | S17: 0 | T17: 0 | U17: 0 | V17: 0 | W17: 0 | X17: 1 | Y17: 0 | Z17: 0 | AA17: 0 | AG17: =CONCATENATE(L17,M17,N17,O17,P17,Q17,R17,S17) -> 10001100 | AH17: =BIN2HEX(AG17,2) -> 8C | AI17: =BIN2HEX(CONCATENATE(T17,U17,V17,W17,X17,Y17,Z17,AA17),2) -> 08
A18: =A17+1 -> 10 | B18: =CONCATENATE("0x",DEC2HEX(A18,3)) -> 0x00A | C18: 0 | D18: =DEC2HEX(C18,5) -> 00000 | E18: CmdProc10 | AG18: =CONCATENATE(L18,M18,N18,O18,P18,Q18,R18,S18) | AH18: =BIN2HEX(AG18,2) -> 00 | AI18: =BIN2HEX(CONCATENATE(T18,U18,V18,W18,X18,Y18,Z18,AA18),2) -> 00
A19: =A18+1 -> 11 | B19: =CONCATENATE("0x",DEC2HEX(A19,3)) -> 0x00B | C19: 0 | D19: =DEC2HEX(C19,5) -> 00000 | E19: CmdProc11 | F19: RT-RT (1) | AG19: =CONCATENATE(L19,M19,N19,O19,P19,Q19,R19,S19) | AH19: =BIN2HEX(AG19,2) -> 00 | AI19: =BIN2HEX(CONCATENATE(T19,U19,V19,W19,X19,Y19,Z19,AA19),2) -> 00
A20: =A19+1 -> 12 | B20: =CONCATENATE("0x",DEC2HEX(A20,3)) -> 0x00C | C20: 0 | D20: =DEC2HEX(C20,5) -> 00000 | E20: CmdProc12 | F20: RT-RT (2) | AG20: =CONCATENATE(L20,M20,N20,O20,P20,Q20,R20,S20) | AH20: =BIN2HEX(AG20,2) -> 00 | AI20: =BIN2HEX(CONCATENATE(T20,U20,V20,W20,X20,Y20,Z20,AA20),2) -> 00
A21: =A20+1 -> 13 | B21: =CONCATENATE("0x",DEC2HEX(A21,3)) -> 0x00D | C21: 0 | D21: =DEC2HEX(C21,5) -> 00000 | E21: CmdProc13 | F21: MODE no data | H21: Transmit status | K21: 0 | L21: 1 | M21: 0 | N21: 1 | O21: 1 | P21: 1 | Q21: 1 | R21: 0 | S21: 0 | T21: 0 | U21: 0 | V21: 0 | W21: 0 | X21: 0 | Y21: 0 | Z21: 1 | AA21: 0 | AG21: =CONCATENATE(L21,M21,N21,O21,P21,Q21,R21,S21) -> 10111100 | AH21: =BIN2HEX(AG21,2) -> BC | AI21: =BIN2HEX(CONCATENATE(T21,U21,V21,W21,X21,Y21,Z21,AA21),2) -> 02
A22: =A21+1 -> 14 | B22: =CONCATENATE("0x",DEC2HEX(A22,3)) -> 0x00E | C22: 0 | D22: =DEC2HEX(C22,5) -> 00000 | E22: CmdProc14 | F22: MODE no data | H22: Synchronise | K22: 0 | L22: 1 | M22: 0 | N22: 1 | O22: 1 | P22: 1 | Q22: 1 | R22: 0 | S22: 0 | T22: 0 | U22: 0 | V22: 0 | W22: 0 | X22: 0 | Y22: 0 | Z22: 0 | AA22: 1 | AG22: =CONCATENATE(L22,M22,N22,O22,P22,Q22,R22,S22) -> 10111100 | AH22: =BIN2HEX(AG22,2) -> BC | AI22: =BIN2HEX(CONCATENATE(T22,U22,V22,W22,X22,Y22,Z22,AA22),2) -> 01
A23: =A22+1 -> 15 | B23: =CONCATENATE("0x",DEC2HEX(A23,3)) -> 0x00F | C23: 0 | D23: =DEC2HEX(C23,5) -> 00000 | E23: CmdProc15 | F23: MODE Tx data | H23: Transmit Vector Word | K23: 0 | L23: 1 | M23: 0 | N23: 1 | O23: 1 | P23: 1 | Q23: 1 | R23: 0 | S23: 0 | T23: 0 | U23: 0 | V23: 0 | W23: 1 | X23: 0 | Y23: 0 | Z23: 0 | AA23: 0 | AG23: =CONCATENATE(L23,M23,N23,O23,P23,Q23,R23,S23) -> 10111100 | AH23: =BIN2HEX(AG23,2) -> BC | AI23: =BIN2HEX(CONCATENATE(T23,U23,V23,W23,X23,Y23,Z23,AA23),2) -> 10
A24: =A23+1 -> 16 | B24: =CONCATENATE("0x",DEC2HEX(A24,3)) -> 0x010 | C24: 0 | D24: =DEC2HEX(C24,5) -> 00000 | E24: CmdProc16 | F24: MODE Rx Data | H24: Selected Tx Shutdown | K24: 0 | L24: 1 | M24: 0 | N24: 1 | O24: 1 | P24: 1 | Q24: 0 | R24: 0 | S24: 0 | T24: 0 | U24: 0 | V24: 0 | W24: 1 | X24: 0 | Y24: 1 | Z24: 0 | AA24: 0 | AG24: =CONCATENATE(L24,M24,N24,O24,P24,Q24,R24,S24) -> 10111000 | AH24: =BIN2HEX(AG24,2) -> B8 | AI24: =BIN2HEX(CONCATENATE(T24,U24,V24,W24,X24,Y24,Z24,AA24),2) -> 14
A25: =A24+1 -> 17 | B25: =CONCATENATE("0x",DEC2HEX(A25,3)) -> 0x011 | C25: 0 | D25: =DEC2HEX(C25,5) -> 00000 | E25: CmdProc17 | AG25: =CONCATENATE(L25,M25,N25,O25,P25,Q25,R25,S25) | AH25: =BIN2HEX(AG25,2) -> 00 | AI25: =BIN2HEX(CONCATENATE(T25,U25,V25,W25,X25,Y25,Z25,AA25),2) -> 00
A26: =A25+1 -> 18 | B26: =CONCATENATE("0x",DEC2HEX(A26,3)) -> 0x012 | C26: 0 | D26: =DEC2HEX(C26,5) -> 00000 | E26: CmdProc18 | F26: Broadcast | H26: BC2RT | I26: Rx | K26: 0 | L26: 1 | M26: 1 | N26: 1 | O26: 1 | P26: 1 | Q26: 0 | R26: 0 | S26: 0 | T26: 0 | U26: 0 | V26: 1 | W26: 1 | X26: 1 | Y26: 1 | Z26: 1 | AA26: 0 | AG26: =CONCATENATE(L26,M26,N26,O26,P26,Q26,R26,S26) -> 11111000 | AH26: =BIN2HEX(AG26,2) -> F8 | AI26: =BIN2HEX(CONCATENATE(T26,U26,V26,W26,X26,Y26,Z26,AA26),2) -> 3E
A27: =A26+1 -> 19 | B27: =CONCATENATE("0x",DEC2HEX(A27,3)) -> 0x013 | C27: 0 | D27: =DEC2HEX(C27,5) -> 00000 | E27: CmdProc19 | F27: Broadcast | H27: RT2RT | I27: Rx | J27: Word1 | K27: 1 | AG27: =CONCATENATE(L27,M27,N27,O27,P27,Q27,R27,S27) | AH27: =BIN2HEX(AG27,2) -> 00 | AI27: =BIN2HEX(CONCATENATE(T27,U27,V27,W27,X27,Y27,Z27,AA27),2) -> 00
A28: =A27+1 -> 20 | B28: =CONCATENATE("0x",DEC2HEX(A28,3)) -> 0x014 | C28: 0 | D28: =DEC2HEX(C28,5) -> 00000 | E28: CmdProc20 | H28: RT2RT | I28: Rx | J28: Word2 | AG28: =CONCATENATE(L28,M28,N28,O28,P28,Q28,R28,S28) | AH28: =BIN2HEX(AG28,2) -> 00 | AI28: =BIN2HEX(CONCATENATE(T28,U28,V28,W28,X28,Y28,Z28,AA28),2) -> 00
A29: =A28+1 -> 21 | B29: =CONCATENATE("0x",DEC2HEX(A29,3)) -> 0x015 | C29: 0 | D29: =DEC2HEX(C29,5) -> 00000 | E29: CmdProc21 | F29: Broadcast | H29: MODE no DAT | J29: Sync | K29: 0 | L29: 1 | M29: 1 | N29: 1 | O29: 1 | P29: 1 | Q29: 1 | R29: 0 | S29: 0 | T29: 0 | U29: 0 | V29: 0 | W29: 0 | X29: 0 | Y29: 0 | Z29: 0 | AA29: 1 | AG29: =CONCATENATE(L29,M29,N29,O29,P29,Q29,R29,S29) -> 11111100 | AH29: =BIN2HEX(AG29,2) -> FC | AI29: =BIN2HEX(CONCATENATE(T29,U29,V29,W29,X29,Y29,Z29,AA29),2) -> 01
A30: =A29+1 -> 22 | B30: =CONCATENATE("0x",DEC2HEX(A30,3)) -> 0x016 | C30: 0 | D30: =DEC2HEX(C30,5) -> 00000 | E30: CmdProc22 | F30: Broadcast | H30: MODE RX DAT | J30: Sync | K30: 0 | L30: 1 | M30: 1 | N30: 1 | O30: 1 | P30: 1 | Q30: 0 | R30: 0 | S30: 0 | T30: 0 | U30: 0 | V30: 0 | W30: 1 | X30: 0 | Y30: 0 | Z30: 0 | AA30: 1 | AG30: =CONCATENATE(L30,M30,N30,O30,P30,Q30,R30,S30) -> 11111000 | AH30: =BIN2HEX(AG30,2) -> F8 | AI30: =BIN2HEX(CONCATENATE(T30,U30,V30,W30,X30,Y30,Z30,AA30),2) -> 11
A31: =A30+1 -> 23 | B31: =CONCATENATE("0x",DEC2HEX(A31,3)) -> 0x017 | C31: 0 | D31: =DEC2HEX(C31,5) -> 00000 | E31: CmdProc23
A32: =A31+1 -> 24 | B32: =CONCATENATE("0x",DEC2HEX(A32,3)) -> 0x018 | C32: 0 | D32: =DEC2HEX(C32,5) -> 00000 | E32: CmdProc24 | F32: RT RX | G32: Subaddr 2 | K32: 0 | L32: 1 | M32: 0 | N32: 1 | O32: 1 | P32: 1 | Q32: 0 | R32: 0 | S32: 0 | T32: 0 | U32: 1 | V32: 0 | W32: 1 | X32: 1 | Y32: 1 | Z32: 1 | AA32: 1 | AG32: =CONCATENATE(L32,M32,N32,O32,P32,Q32,R32,S32) -> 10111000 | AH32: =BIN2HEX(AG32,2) -> B8 | AI32: =BIN2HEX(CONCATENATE(T32,U32,V32,W32,X32,Y32,Z32,AA32),2) -> 5F
A33: =A32+1 -> 25 | B33: =CONCATENATE("0x",DEC2HEX(A33,3)) -> 0x019 | C33: 0 | D33: =DEC2HEX(C33,5) -> 00000 | E33: CmdProc25
A34: =A33+1 -> 26 | B34: =CONCATENATE("0x",DEC2HEX(A34,3)) -> 0x01A | C34: 0 | D34: =DEC2HEX(C34,5) -> 00000 | E34: CmdProc26 | F34: MODE no data | H34: DBC | K34: 0 | L34: 1 | M34: 0 | N34: 0 | O34: 0 | P34: 1 | Q34: 1 | R34: 0 | S34: 0 | T34: 0 | U34: 0 | V34: 0 | W34: 0 | X34: 0 | Y34: 0 | Z34: 0 | AA34: 0 | AG34: =CONCATENATE(L34,M34,N34,O34,P34,Q34,R34,S34) -> 10001100 | AH34: =BIN2HEX(AG34,2) -> 8C | AI34: =BIN2HEX(CONCATENATE(T34,U34,V34,W34,X34,Y34,Z34,AA34),2) -> 00
A35: =A34+1 -> 27 | B35: =CONCATENATE("0x",DEC2HEX(A35,3)) -> 0x01B | C35: 0 | D35: =DEC2HEX(C35,5) -> 00000 | E35: CmdProc27 | F35: MODE no data | H35: Synchronise | K35: 0 | L35: 1 | M35: 0 | N35: 1 | O35: 1 | P35: 1 | Q35: 1 | R35: 0 | S35: 0 | T35: 0 | U35: 0 | V35: 0 | W35: 0 | X35: 0 | Y35: 0 | Z35: 0 | AA35: 1 | AG35: =CONCATENATE(L35,M35,N35,O35,P35,Q35,R35,S35) -> 10111100 | AH35: =BIN2HEX(AG35,2) -> BC | AI35: =BIN2HEX(CONCATENATE(T35,U35,V35,W35,X35,Y35,Z35,AA35),2) -> 01
A36: =A35+1 -> 28 | B36: =CONCATENATE("0x",DEC2HEX(A36,3)) -> 0x01C | C36: 0 | D36: =DEC2HEX(C36,5) -> 00000 | E36: CmdProc28 | F36: RT RX | K36: 0 | L36: 1 | M36: 0 | N36: 1 | O36: 1 | P36: 1 | Q36: 0 | R36: 0 | S36: 0 | T36: 0 | U36: 1 | V36: 0 | W36: 0 | X36: 0 | Y36: 0 | Z36: 1 | AA36: 1 | AG36: =CONCATENATE(L36,M36,N36,O36,P36,Q36,R36,S36) -> 10111000 | AH36: =BIN2HEX(AG36,2) -> B8 | AI36: =BIN2HEX(CONCATENATE(T36,U36,V36,W36,X36,Y36,Z36,AA36),2) -> 43
A37: =A36+1 -> 29 | B37: =CONCATENATE("0x",DEC2HEX(A37,3)) -> 0x01D | C37: 0 | D37: =DEC2HEX(C37,5) -> 00000 | E37: CmdProc29 | F37: MODE no data | H37: Transmit Status word | K37: 0 | L37: 1 | M37: 0 | N37: 1 | O37: 1 | P37: 1 | Q37: 1 | R37: 0 | S37: 0 | T37: 0 | U37: 0 | V37: 0 | W37: 0 | X37: 0 | Y37: 0 | Z37: 1 | AA37: 0 | AG37: =CONCATENATE(L37,M37,N37,O37,P37,Q37,R37,S37) -> 10111100 | AH37: =BIN2HEX(AG37,2) -> BC | AI37: =BIN2HEX(CONCATENATE(T37,U37,V37,W37,X37,Y37,Z37,AA37),2) -> 02
A38: =A37+1 -> 30 | B38: =CONCATENATE("0x",DEC2HEX(A38,3)) -> 0x01E | C38: 0 | D38: =DEC2HEX(C38,5) -> 00000 | E38: CmdProc30 | F38: MODE no data | H38: Initiate BIT | K38: 0 | L38: 1 | M38: 0 | N38: 1 | O38: 1 | P38: 1 | Q38: 1 | R38: 0 | S38: 0 | T38: 0 | U38: 0 | V38: 0 | W38: 0 | X38: 0 | Y38: 0 | Z38: 1 | AA38: 1 | AG38: =CONCATENATE(L38,M38,N38,O38,P38,Q38,R38,S38) -> 10111100 | AH38: =BIN2HEX(AG38,2) -> BC | AI38: =BIN2HEX(CONCATENATE(T38,U38,V38,W38,X38,Y38,Z38,AA38),2) -> 03
A39: =A38+1 -> 31 | B39: =CONCATENATE("0x",DEC2HEX(A39,3)) -> 0x01F | C39: 0 | D39: =DEC2HEX(C39,5) -> 00000 | E39: CmdProc31
A40: =A39+1 -> 32 | B40: =CONCATENATE("0x",DEC2HEX(A40,3)) -> 0x020 | C40: 0 | D40: =DEC2HEX(C40,5) -> 00000 | E40: Subaddr 1 | F40: start
A41: =A40+1 -> 33 | B41: =CONCATENATE("0x",DEC2HEX(A41,3)) -> 0x021 | C41: =C40+1 -> 1 | D41: =DEC2HEX(C41,5) -> 00001 | E41: Subaddr 1
A42: =A41+1 -> 34 | B42: =CONCATENATE("0x",DEC2HEX(A42,3)) -> 0x022 | C42: =C41+1 -> 2 | D42: =DEC2HEX(C42,5) -> 00002 | E42: Subaddr 1
A43: =A42+1 -> 35 | B43: =CONCATENATE("0x",DEC2HEX(A43,3)) -> 0x023 | C43: =C42+1 -> 3 | D43: =DEC2HEX(C43,5) -> 00003 | E43: Subaddr 1
A44: =A43+1 -> 36 | B44: =CONCATENATE("0x",DEC2HEX(A44,3)) -> 0x024 | C44: =C43+1 -> 4 | D44: =DEC2HEX(C44,5) -> 00004 | E44: Subaddr 1
A45: =A44+1 -> 37 | B45: =CONCATENATE("0x",DEC2HEX(A45,3)) -> 0x025 | C45: =C44+1 -> 5 | D45: =DEC2HEX(C45,5) -> 00005 | E45: Subaddr 1
A46: =A45+1 -> 38 | B46: =CONCATENATE("0x",DEC2HEX(A46,3)) -> 0x026 | C46: =C45+1 -> 6 | D46: =DEC2HEX(C46,5) -> 00006 | E46: Subaddr 1
A47: =A46+1 -> 39 | B47: =CONCATENATE("0x",DEC2HEX(A47,3)) -> 0x027 | C47: =C46+1 -> 7 | D47: =DEC2HEX(C47,5) -> 00007 | E47: Subaddr 1
A48: =A47+1 -> 40 | B48: =CONCATENATE("0x",DEC2HEX(A48,3)) -> 0x028 | C48: =C47+1 -> 8 | D48: =DEC2HEX(C48,5) -> 00008 | E48: Subaddr 1
A49: =A48+1 -> 41 | B49: =CONCATENATE("0x",DEC2HEX(A49,3)) -> 0x029 | C49: =C48+1 -> 9 | D49: =DEC2HEX(C49,5) -> 00009 | E49: Subaddr 1
A50: =A49+1 -> 42 | B50: =CONCATENATE("0x",DEC2HEX(A50,3)) -> 0x02A | C50: =C49+1 -> 10 | D50: =DEC2HEX(C50,5) -> 0000A | E50: Subaddr 1
A51: =A50+1 -> 43 | B51: =CONCATENATE("0x",DEC2HEX(A51,3)) -> 0x02B | C51: =C50+1 -> 11 | D51: =DEC2HEX(C51,5) -> 0000B | E51: Subaddr 1
A52: =A51+1 -> 44 | B52: =CONCATENATE("0x",DEC2HEX(A52,3)) -> 0x02C | C52: =C51+1 -> 12 | D52: =DEC2HEX(C52,5) -> 0000C | E52: Subaddr 1
... A70: =A69+1 -> 62 | B70: =CONCATENATE("0x",DEC2HEX(A70,3)) -> 0x03E | C70: =C69+1 -> 30 | D70: =DEC2HEX(C70,5) -> 0001E | E70: Subaddr 1
A71: =A70+1 -> 63 | B71: =CONCATENATE("0x",DEC2HEX(A71,3)) -> 0x03F | C71: =C70+1 -> 31 | D71: =DEC2HEX(C71,5) -> 0001F | E71: Subaddr 1 | F71: End
A72: =A71+1 -> 64 | B72: =CONCATENATE("0x",DEC2HEX(A72,3)) -> 0x040 | C72: =RANDBETWEEN(0,65535) -> 36525 | D72: =DEC2HEX(C72,5) -> 08EAD | E72: Subaddr 2 | F72: start
A73: =A72+1 -> 65 | B73: =CONCATENATE("0x",DEC2HEX(A73,3)) -> 0x041 | C73: =RANDBETWEEN(0,65535) -> 53854 | D73: =DEC2HEX(C73,5) -> 0D25E | E73: Subaddr 2
A74: =A73+1 -> 66 | B74: =CONCATENATE("0x",DEC2HEX(A74,3)) -> 0x042 | C74: =RANDBETWEEN(0,65535) -> 5387 | D74: =DEC2HEX(C74,5) -> 0150B | E74: Subaddr 2
A75: =A74+1 -> 67 | B75: =CONCATENATE("0x",DEC2HEX(A75,3)) -> 0x043 | C75: =RANDBETWEEN(0,65535) -> 5499 | D75: =DEC2HEX(C75,5) -> 0157B | E75: Subaddr 2
A76: =A75+1 -> 68 | B76: =CONCATENATE("0x",DEC2HEX(A76,3)) -> 0x044 | C76: =RANDBETWEEN(0,65535) -> 3461 | D76: =DEC2HEX(C76,5) -> 00D85 | E76: Subaddr 2
A77: =A76+1 -> 69 | B77: =CONCATENATE("0x",DEC2HEX(A77,3)) -> 0x045 | C77: =RANDBETWEEN(0,65535) -> 55198 | D77: =DEC2HEX(C77,5) -> 0D79E | E77: Subaddr 2
A78: =A77+1 -> 70 | B78: =CONCATENATE("0x",DEC2HEX(A78,3)) -> 0x046 | C78: =RANDBETWEEN(0,65535) -> 46641 | D78: =DEC2HEX(C78,5) -> 0B631 | E78: Subaddr 2
A79: =A78+1 -> 71 | B79: =CONCATENATE("0x",DEC2HEX(A79,3)) -> 0x047 | C79: =RANDBETWEEN(0,65535) -> 17290 | D79: =DEC2HEX(C79,5) -> 0438A | E79: Subaddr 2
A80: =A79+1 -> 72 | B80: =CONCATENATE("0x",DEC2HEX(A80,3)) -> 0x048 | C80: =RANDBETWEEN(0,65535) -> 62635 | D80: =DEC2HEX(C80,5) -> 0F4AB | E80: Subaddr 2
A81: =A80+1 -> 73 | B81: =CONCATENATE("0x",DEC2HEX(A81,3)) -> 0x049 | C81: =RANDBETWEEN(0,65535) -> 50189 | D81: =DEC2HEX(C81,5) -> 0C40D | E81: Subaddr 2
A82: =A81+1 -> 74 | B82: =CONCATENATE("0x",DEC2HEX(A82,3)) -> 0x04A | C82: =RANDBETWEEN(0,65535) -> 5084 | D82: =DEC2HEX(C82,5) -> 013DC | E82: Subaddr 2
A83: =A82+1 -> 75 | B83: =CONCATENATE("0x",DEC2HEX(A83,3)) -> 0x04B | C83: =RANDBETWEEN(0,65535) -> 15161 | D83: =DEC2HEX(C83,5) -> 03B39 | E83: Subaddr 2
A84: =A83+1 -> 76 | B84: =CONCATENATE("0x",DEC2HEX(A84,3)) -> 0x04C | C84: =RANDBETWEEN(0,65535) -> 62934 | D84: =DEC2HEX(C84,5) -> 0F5D6 | E84: Subaddr 2
... A102: =A101+1 -> 94 | B102: =CONCATENATE("0x",DEC2HEX(A102,3)) -> 0x05E | C102: =RANDBETWEEN(0,65535) -> 38268 | D102: =DEC2HEX(C102,5) -> 0957C | E102: Subaddr 2
A103: =A102+1 -> 95 | B103: =CONCATENATE("0x",DEC2HEX(A103,3)) -> 0x05F | C103: =RANDBETWEEN(0,65535) -> 50061 | D103: =DEC2HEX(C103,5) -> 0C38D | E103: Subaddr 2 | F103: End
A104: =A103+1 -> 96 | B104: =CONCATENATE("0x",DEC2HEX(A104,3)) -> 0x060 | C104: 65536 | D104: =DEC2HEX(C104,5) -> 10000 | E104: Subaddr 3 | F104: start
A105: =A104+1 -> 97 | B105: =CONCATENATE("0x",DEC2HEX(A105,3)) -> 0x061 | C105: =C104+1 -> 65537 | D105: =DEC2HEX(C105,5) -> 10001 | E105: Subaddr 3
A106: =A105+1 -> 98 | B106: =CONCATENATE("0x",DEC2HEX(A106,3)) -> 0x062 | C106: =C105+1 -> 65538 | D106: =DEC2HEX(C106,5) -> 10002 | E106: Subaddr 3
A107: =A106+1 -> 99 | B107: =CONCATENATE("0x",DEC2HEX(A107,3)) -> 0x063 | C107: =C106+1 -> 65539 | D107: =DEC2HEX(C107,5) -> 10003 | E107: Subaddr 3
A108: =A107+1 -> 100 | B108: =CONCATENATE("0x",DEC2HEX(A108,3)) -> 0x064 | C108: =C107+1 -> 65540 | D108: =DEC2HEX(C108,5) -> 10004 | E108: Subaddr 3
A109: =A108+1 -> 101 | B109: =CONCATENATE("0x",DEC2HEX(A109,3)) -> 0x065 | C109: =C108+1 -> 65541 | D109: =DEC2HEX(C109,5) -> 10005 | E109: Subaddr 3
A110: =A109+1 -> 102 | B110: =CONCATENATE("0x",DEC2HEX(A110,3)) -> 0x066 | C110: =C109+1 -> 65542 | D110: =DEC2HEX(C110,5) -> 10006 | E110: Subaddr 3
A111: =A110+1 -> 103 | B111: =CONCATENATE("0x",DEC2HEX(A111,3)) -> 0x067 | C111: =C110+1 -> 65543 | D111: =DEC2HEX(C111,5) -> 10007 | E111: Subaddr 3
A112: =A111+1 -> 104 | B112: =CONCATENATE("0x",DEC2HEX(A112,3)) -> 0x068 | C112: =C111+1 -> 65544 | D112: =DEC2HEX(C112,5) -> 10008 | E112: Subaddr 3
A113: =A112+1 -> 105 | B113: =CONCATENATE("0x",DEC2HEX(A113,3)) -> 0x069 | C113: =C112+1 -> 65545 | D113: =DEC2HEX(C113,5) -> 10009 | E113: Subaddr 3
A114: =A113+1 -> 106 | B114: =CONCATENATE("0x",DEC2HEX(A114,3)) -> 0x06A | C114: =C113+1 -> 65546 | D114: =DEC2HEX(C114,5) -> 1000A | E114: Subaddr 3
A115: =A114+1 -> 107 | B115: =CONCATENATE("0x",DEC2HEX(A115,3)) -> 0x06B | C115: =C114+1 -> 65547 | D115: =DEC2HEX(C115,5) -> 1000B | E115: Subaddr 3
A116: =A115+1 -> 108 | B116: =CONCATENATE("0x",DEC2HEX(A116,3)) -> 0x06C | C116: =C115+1 -> 65548 | D116: =DEC2HEX(C116,5) -> 1000C | E116: Subaddr 3
... A134: =A133+1 -> 126 | B134: =CONCATENATE("0x",DEC2HEX(A134,3)) -> 0x07E | C134: =C133+1 -> 65566 | D134: =DEC2HEX(C134,5) -> 1001E | E134: Subaddr 3
A135: =A134+1 -> 127 | B135: =CONCATENATE("0x",DEC2HEX(A135,3)) -> 0x07F | C135: =C134+1 -> 65567 | D135: =DEC2HEX(C135,5) -> 1001F | E135: Subaddr 3 | F135: End
A136: =A135+1 -> 128 | B136: =CONCATENATE("0x",DEC2HEX(A136,3)) -> 0x080 | C136: 0 | D136: =DEC2HEX(C136,5) -> 00000
A137: =A136+1 -> 129 | B137: =CONCATENATE("0x",DEC2HEX(A137,3)) -> 0x081 | C137: =C136+1 -> 1 | D137: =DEC2HEX(C137,5) -> 00001
A138: =A137+1 -> 130 | B138: =CONCATENATE("0x",DEC2HEX(A138,3)) -> 0x082 | C138: =C137+1 -> 2 | D138: =DEC2HEX(C138,5) -> 00002
A139: =A138+1 -> 131 | B139: =CONCATENATE("0x",DEC2HEX(A139,3)) -> 0x083 | C139: =C138+1 -> 3 | D139: =DEC2HEX(C139,5) -> 00003
A140: =A139+1 -> 132 | B140: =CONCATENATE("0x",DEC2HEX(A140,3)) -> 0x084 | C140: =C139+1 -> 4 | D140: =DEC2HEX(C140,5) -> 00004
A141: =A140+1 -> 133 | B141: =CONCATENATE("0x",DEC2HEX(A141,3)) -> 0x085 | C141: =C140+1 -> 5 | D141: =DEC2HEX(C141,5) -> 00005
A142: =A141+1 -> 134 | B142: =CONCATENATE("0x",DEC2HEX(A142,3)) -> 0x086 | C142: =C141+1 -> 6 | D142: =DEC2HEX(C142,5) -> 00006
A143: =A142+1 -> 135 | B143: =CONCATENATE("0x",DEC2HEX(A143,3)) -> 0x087 | C143: =C142+1 -> 7 | D143: =DEC2HEX(C143,5) -> 00007
A144: =A143+1 -> 136 | B144: =CONCATENATE("0x",DEC2HEX(A144,3)) -> 0x088 | C144: =C143+1 -> 8 | D144: =DEC2HEX(C144,5) -> 00008
A145: =A144+1 -> 137 | B145: =CONCATENATE("0x",DEC2HEX(A145,3)) -> 0x089 | C145: =C144+1 -> 9 | D145: =DEC2HEX(C145,5) -> 00009
A146: =A145+1 -> 138 | B146: =CONCATENATE("0x",DEC2HEX(A146,3)) -> 0x08A | C146: =C145+1 -> 10 | D146: =DEC2HEX(C146,5) -> 0000A
A147: =A146+1 -> 139 | B147: =CONCATENATE("0x",DEC2HEX(A147,3)) -> 0x08B | C147: =C146+1 -> 11 | D147: =DEC2HEX(C147,5) -> 0000B
A148: =A147+1 -> 140 | B148: =CONCATENATE("0x",DEC2HEX(A148,3)) -> 0x08C | C148: =C147+1 -> 12 | D148: =DEC2HEX(C148,5) -> 0000C
... A167: =A166+1 -> 159 | B167: =CONCATENATE("0x",DEC2HEX(A167,3)) -> 0x09F | C167: =C166+1 -> 31 | D167: =DEC2HEX(C167,5) -> 0001F
A168: =A167+1 -> 160 | B168: =CONCATENATE("0x",DEC2HEX(A168,3)) -> 0x0A0 | C168: 0 | D168: =DEC2HEX(C168,5) -> 00000
A169: =A168+1 -> 161 | B169: =CONCATENATE("0x",DEC2HEX(A169,3)) -> 0x0A1 | C169: =C168+1 -> 1 | D169: =DEC2HEX(C169,5) -> 00001
...

Sheet ModeCmds
A1: Dec | B1: Brdcst | C1: TxnRx | D1: Bin | E1: Concat | F1: Description
A2: 0 | B2: 0 | C2: 0 | D2: =DEC2BIN(A2,5) -> 00000 | E2: =CONCATENATE(B2,C2,D2) -> 0000000 | F2: Invalid
A3: =A2+1 -> 1 | B3: 0 | C3: 0 | D3: =DEC2BIN(A3,5) -> 00001 | E3: =CONCATENATE(B3,C3,D3) -> 0000001 | F3: Invalid
A4: =A3+1 -> 2 | B4: 0 | C4: 0 | D4: =DEC2BIN(A4,5) -> 00010 | E4: =CONCATENATE(B4,C4,D4) -> 0000010 | F4: Invalid
A5: =A4+1 -> 3 | B5: 0 | C5: 0 | D5: =DEC2BIN(A5,5) -> 00011 | E5: =CONCATENATE(B5,C5,D5) -> 0000011 | F5: Invalid
A6: =A5+1 -> 4 | B6: 0 | C6: 0 | D6: =DEC2BIN(A6,5) -> 00100 | E6: =CONCATENATE(B6,C6,D6) -> 0000100 | F6: Invalid
A7: =A6+1 -> 5 | B7: 0 | C7: 0 | D7: =DEC2BIN(A7,5) -> 00101 | E7: =CONCATENATE(B7,C7,D7) -> 0000101 | F7: Invalid
A8: =A7+1 -> 6 | B8: 0 | C8: 0 | D8: =DEC2BIN(A8,5) -> 00110 | E8: =CONCATENATE(B8,C8,D8) -> 0000110 | F8: Invalid
A9: =A8+1 -> 7 | B9: 0 | C9: 0 | D9: =DEC2BIN(A9,5) -> 00111 | E9: =CONCATENATE(B9,C9,D9) -> 0000111 | F9: Invalid
A10: =A9+1 -> 8 | B10: 0 | C10: 0 | D10: =DEC2BIN(A10,5) -> 01000 | E10: =CONCATENATE(B10,C10,D10) -> 0001000 | F10: Invalid
A11: =A10+1 -> 9 | B11: 0 | C11: 0 | D11: =DEC2BIN(A11,5) -> 01001 | E11: =CONCATENATE(B11,C11,D11) -> 0001001 | F11: Invalid
A12: =A11+1 -> 10 | B12: 0 | C12: 0 | D12: =DEC2BIN(A12,5) -> 01010 | E12: =CONCATENATE(B12,C12,D12) -> 0001010 | F12: Invalid
A13: =A12+1 -> 11 | B13: 0 | C13: 0 | D13: =DEC2BIN(A13,5) -> 01011 | E13: =CONCATENATE(B13,C13,D13) -> 0001011 | F13: Invalid
A14: =A13+1 -> 12 | B14: 0 | C14: 0 | D14: =DEC2BIN(A14,5) -> 01100 | E14: =CONCATENATE(B14,C14,D14) -> 0001100 | F14: Invalid
... A33: =A32+1 -> 31 | B33: 0 | C33: 0 | D33: =DEC2BIN(A33,5) -> 11111 | E33: =CONCATENATE(B33,C33,D33) -> 0011111 | F33: Invalid
A34: 0 | B34: 0 | C34: 1 | D34: =DEC2BIN(A34,5) -> 00000 | E34: =CONCATENATE(B34,C34,D34) -> 0100000 | F34: Dynamic Bus Control
A35: =A34+1 -> 1 | B35: 0 | C35: 1 | D35: =DEC2BIN(A35,5) -> 00001 | E35: =CONCATENATE(B35,C35,D35) -> 0100001 | F35: Synchronize
A36: =A35+1 -> 2 | B36: 0 | C36: 1 | D36: =DEC2BIN(A36,5) -> 00010 | E36: =CONCATENATE(B36,C36,D36) -> 0100010 | F36: Transmit Status Word
A37: =A36+1 -> 3 | B37: 0 | C37: 1 | D37: =DEC2BIN(A37,5) -> 00011 | E37: =CONCATENATE(B37,C37,D37) -> 0100011 | F37: Initiate Self Test
A38: =A37+1 -> 4 | B38: 0 | C38: 1 | D38: =DEC2BIN(A38,5) -> 00100 | E38: =CONCATENATE(B38,C38,D38) -> 0100100 | F38: Transmitter Shutdown
A39: =A38+1 -> 5 | B39: 0 | C39: 1 | D39: =DEC2BIN(A39,5) -> 00101 | E39: =CONCATENATE(B39,C39,D39) -> 0100101 | F39: Override Transmitter Shutdown
A40: =A39+1 -> 6 | B40: 0 | C40: 1 | D40: =DEC2BIN(A40,5) -> 00110 | E40: =CONCATENATE(B40,C40,D40) -> 0100110 | F40: Inhibit Terminal Flag
A41: =A40+1 -> 7 | B41: 0 | C41: 1 | D41: =DEC2BIN(A41,5) -> 00111 | E41: =CONCATENATE(B41,C41,D41) -> 0100111 | F41: Override Inhibit Terminal Flag
A42: =A41+1 -> 8 | B42: 0 | C42: 1 | D42: =DEC2BIN(A42,5) -> 01000 | E42: =CONCATENATE(B42,C42,D42) -> 0101000 | F42: Reset Remote Terminal
A43: =A42+1 -> 9 | B43: 0 | C43: 1 | D43: =DEC2BIN(A43,5) -> 01001 | E43: =CONCATENATE(B43,C43,D43) -> 0101001 | F43: Invalid
A44: =A43+1 -> 10 | B44: 0 | C44: 1 | D44: =DEC2BIN(A44,5) -> 01010 | E44: =CONCATENATE(B44,C44,D44) -> 0101010 | F44: Invalid
A45: =A44+1 -> 11 | B45: 0 | C45: 1 | D45: =DEC2BIN(A45,5) -> 01011 | E45: =CONCATENATE(B45,C45,D45) -> 0101011 | F45: Invalid
A46: =A45+1 -> 12 | B46: 0 | C46: 1 | D46: =DEC2BIN(A46,5) -> 01100 | E46: =CONCATENATE(B46,C46,D46) -> 0101100 | F46: Invalid
... A65: =A64+1 -> 31 | B65: 0 | C65: 1 | D65: =DEC2BIN(A65,5) -> 11111 | E65: =CONCATENATE(B65,C65,D65) -> 0111111 | F65: Invalid
A66: 0 | B66: 1 | C66: 0 | D66: =DEC2BIN(A66,5) -> 00000 | E66: =CONCATENATE(B66,C66,D66) -> 1000000 | F66: Invalid
A67: =A66+1 -> 1 | B67: 1 | C67: 0 | D67: =DEC2BIN(A67,5) -> 00001 | E67: =CONCATENATE(B67,C67,D67) -> 1000001 | F67: Invalid
A68: =A67+1 -> 2 | B68: 1 | C68: 0 | D68: =DEC2BIN(A68,5) -> 00010 | E68: =CONCATENATE(B68,C68,D68) -> 1000010 | F68: Invalid
A69: =A68+1 -> 3 | B69: 1 | C69: 0 | D69: =DEC2BIN(A69,5) -> 00011 | E69: =CONCATENATE(B69,C69,D69) -> 1000011 | F69: Invalid
A70: =A69+1 -> 4 | B70: 1 | C70: 0 | D70: =DEC2BIN(A70,5) -> 00100 | E70: =CONCATENATE(B70,C70,D70) -> 1000100 | F70: Invalid
A71: =A70+1 -> 5 | B71: 1 | C71: 0 | D71: =DEC2BIN(A71,5) -> 00101 | E71: =CONCATENATE(B71,C71,D71) -> 1000101 | F71: Invalid
A72: =A71+1 -> 6 | B72: 1 | C72: 0 | D72: =DEC2BIN(A72,5) -> 00110 | E72: =CONCATENATE(B72,C72,D72) -> 1000110 | F72: Invalid
A73: =A72+1 -> 7 | B73: 1 | C73: 0 | D73: =DEC2BIN(A73,5) -> 00111 | E73: =CONCATENATE(B73,C73,D73) -> 1000111 | F73: Invalid
A74: =A73+1 -> 8 | B74: 1 | C74: 0 | D74: =DEC2BIN(A74,5) -> 01000 | E74: =CONCATENATE(B74,C74,D74) -> 1001000 | F74: Invalid
A75: =A74+1 -> 9 | B75: 1 | C75: 0 | D75: =DEC2BIN(A75,5) -> 01001 | E75: =CONCATENATE(B75,C75,D75) -> 1001001 | F75: Invalid
A76: =A75+1 -> 10 | B76: 1 | C76: 0 | D76: =DEC2BIN(A76,5) -> 01010 | E76: =CONCATENATE(B76,C76,D76) -> 1001010 | F76: Invalid
A77: =A76+1 -> 11 | B77: 1 | C77: 0 | D77: =DEC2BIN(A77,5) -> 01011 | E77: =CONCATENATE(B77,C77,D77) -> 1001011 | F77: Invalid
A78: =A77+1 -> 12 | B78: 1 | C78: 0 | D78: =DEC2BIN(A78,5) -> 01100 | E78: =CONCATENATE(B78,C78,D78) -> 1001100 | F78: Invalid
... A97: =A96+1 -> 31 | B97: 1 | C97: 0 | D97: =DEC2BIN(A97,5) -> 11111 | E97: =CONCATENATE(B97,C97,D97) -> 1011111 | F97: Invalid
A98: 0 | B98: 1 | C98: 1 | D98: =DEC2BIN(A98,5) -> 00000 | E98: =CONCATENATE(B98,C98,D98) -> 1100000 | F98: Invalid
A99: =A98+1 -> 1 | B99: 1 | C99: 1 | D99: =DEC2BIN(A99,5) -> 00001 | E99: =CONCATENATE(B99,C99,D99) -> 1100001 | F99: Synchronize
A100: =A99+1 -> 2 | B100: 1 | C100: 1 | D100: =DEC2BIN(A100,5) -> 00010 | E100: =CONCATENATE(B100,C100,D100) -> 1100010 | F100: Invalid
A101: =A100+1 -> 3 | B101: 1 | C101: 1 | D101: =DEC2BIN(A101,5) -> 00011 | E101: =CONCATENATE(B101,C101,D101) -> 1100011 | F101: Initiate Self Test
A102: =A101+1 -> 4 | B102: 1 | C102: 1 | D102: =DEC2BIN(A102,5) -> 00100 | E102: =CONCATENATE(B102,C102,D102) -> 1100100 | F102: Transmitter Shutdown
A103: =A102+1 -> 5 | B103: 1 | C103: 1 | D103: =DEC2BIN(A103,5) -> 00101 | E103: =CONCATENATE(B103,C103,D103) -> 1100101 | F103: Override Transmitter Shutdown
A104: =A103+1 -> 6 | B104: 1 | C104: 1 | D104: =DEC2BIN(A104,5) -> 00110 | E104: =CONCATENATE(B104,C104,D104) -> 1100110 | F104: Inhibit Terminal Flag
A105: =A104+1 -> 7 | B105: 1 | C105: 1 | D105: =DEC2BIN(A105,5) -> 00111 | E105: =CONCATENATE(B105,C105,D105) -> 1100111 | F105: Override Inhibit Terminal Flag
A106: =A105+1 -> 8 | B106: 1 | C106: 1 | D106: =DEC2BIN(A106,5) -> 01000 | E106: =CONCATENATE(B106,C106,D106) -> 1101000 | F106: Reset Remote Terminal
A107: =A106+1 -> 9 | B107: 1 | C107: 1 | D107: =DEC2BIN(A107,5) -> 01001 | E107: =CONCATENATE(B107,C107,D107) -> 1101001 | F107: Invalid
A108: =A107+1 -> 10 | B108: 1 | C108: 1 | D108: =DEC2BIN(A108,5) -> 01010 | E108: =CONCATENATE(B108,C108,D108) -> 1101010 | F108: Invalid
A109: =A108+1 -> 11 | B109: 1 | C109: 1 | D109: =DEC2BIN(A109,5) -> 01011 | E109: =CONCATENATE(B109,C109,D109) -> 1101011 | F109: Invalid
A110: =A109+1 -> 12 | B110: 1 | C110: 1 | D110: =DEC2BIN(A110,5) -> 01100 | E110: =CONCATENATE(B110,C110,D110) -> 1101100 | F110: Invalid
... A129: =A128+1 -> 31 | B129: 1 | C129: 1 | D129: =DEC2BIN(A129,5) -> 11111 | E129: =CONCATENATE(B129,C129,D129) -> 1111111 | F129: Invalid
